id,createdAt,updatedAt,date
31,2024-01-28 17:14:15.582,2024-01-28 17:14:15.583,2024-01-22 05:00:00
34,2024-01-28 19:29:18.318,2024-02-29 03:50:31.711,2024-01-02 05:00:00
35,2024-01-28 22:34:46.327,2024-01-28 22:34:46.328,2024-01-08 05:00:00
36,2024-02-01 16:38:57.562,2024-02-01 16:38:57.563,2024-01-31 05:00:00
38,2024-02-02 18:43:29.657,2024-02-02 18:43:29.658,2024-02-01 05:00:00
39,2024-02-02 18:48:17.072,2024-02-02 18:48:17.073,2024-01-09 05:00:00
40,2024-02-02 20:02:41.61,2024-02-02 20:02:41.61,2024-02-01 05:00:00
43,2024-02-06 02:32:58.156,2024-02-06 02:32:58.158,2024-02-02 05:00:00
45,2024-02-06 03:16:29.057,2024-03-15 02:58:55.218,2024-02-05 05:00:00
47,2024-02-07 01:53:16.776,2024-02-07 01:53:16.777,2024-01-24 05:00:00
53,2024-02-08 21:05:43.039,2024-02-08 21:05:43.04,2024-02-01 05:00:00
57,2024-02-09 04:35:24.013,2024-02-09 04:35:24.014,2024-01-10 05:00:00
58,2024-02-09 04:41:20.86,2024-02-09 04:41:20.861,2024-01-11 05:00:00
59,2024-02-09 04:44:27.459,2024-02-13 03:22:34.652,2024-01-15 05:00:00
60,2024-02-09 04:45:30.503,2024-02-09 04:45:30.504,2024-01-18 05:00:00
61,2024-02-09 04:47:55.706,2024-02-09 04:47:55.707,2024-01-29 05:00:00
62,2024-02-09 19:48:21.421,2024-02-23 00:51:13.498,2023-12-18 05:00:00
64,2024-02-10 03:11:21.729,2024-02-10 03:11:21.73,2024-02-09 05:00:00
67,2024-02-14 02:32:12.291,2024-02-14 05:48:22.828,2024-02-08 05:00:00
69,2024-02-16 03:12:13.602,2024-02-16 03:12:13.603,2024-02-15 05:00:00
70,2024-02-16 04:25:56.131,2024-02-16 04:25:56.132,2024-02-15 05:00:00
71,2024-02-16 04:35:33.54,2024-02-16 04:35:33.541,2024-02-15 05:00:00
72,2024-02-16 05:04:23.419,2024-02-16 05:04:23.42,2024-02-15 05:00:00
74,2024-02-17 04:53:25.735,2024-03-13 16:02:02.692,2024-02-16 05:00:00
75,2024-02-19 01:48:59.353,2024-02-19 01:48:59.354,2024-02-18 05:00:00
80,2024-02-20 03:12:33.525,2024-02-20 03:12:33.526,2024-02-19 05:00:00
85,2024-02-22 03:13:00.981,2024-02-22 03:13:00.982,2024-02-21 05:00:00
87,2024-02-23 01:32:24.185,2024-02-23 01:32:24.186,2024-02-22 05:00:00
91,2024-02-24 03:33:19.644,2024-02-24 03:34:20.426,2024-02-23 05:00:00
92,2024-02-24 03:33:59.061,2024-02-24 03:33:59.062,2024-02-23 05:00:00
93,2024-02-24 03:39:11.624,2024-02-24 03:39:11.625,2024-02-23 05:00:00
94,2024-02-26 01:28:01.277,2024-02-26 01:28:01.278,2024-02-25 05:00:00
96,2024-02-27 03:24:46.734,2024-02-27 03:24:46.735,2024-02-26 05:00:00
97,2024-02-27 03:38:07.961,2024-03-13 16:03:37.83,2024-02-26 05:00:00
99,2024-02-27 05:28:57.701,2024-02-27 05:28:57.702,2024-02-26 13:00:00
100,2024-02-28 00:40:00.922,2024-02-28 00:40:00.923,2024-02-17 05:00:00
104,2024-02-28 00:46:51.153,2024-02-28 00:46:51.154,2024-02-19 05:00:00
105,2024-02-28 00:50:31.844,2024-02-28 00:50:31.845,2024-02-20 05:00:00
107,2024-02-29 02:25:37.324,2024-02-29 02:25:37.325,2024-02-28 05:00:00
108,2024-02-29 03:07:26.736,2024-02-29 03:07:26.737,2024-02-28 05:00:00
109,2024-02-29 04:04:27.699,2024-02-29 04:04:27.7,2024-02-28 05:00:00
111,2024-02-29 04:11:44.966,2024-02-29 04:11:44.967,2024-02-28 05:00:00
112,2024-03-01 02:09:05.026,2024-03-01 02:09:05.027,2024-02-29 05:00:00
113,2024-03-02 04:53:59.728,2024-03-02 04:53:59.729,2024-03-01 05:00:00
114,2024-03-05 03:08:21.725,2024-03-05 03:08:21.726,2024-03-04 05:00:00
115,2024-03-07 01:59:47.336,2024-03-07 01:59:47.337,2024-03-06 05:00:00
116,2024-03-07 03:27:17.945,2024-03-07 03:27:17.946,2024-03-06 05:00:00
117,2024-03-08 02:13:10.693,2024-03-08 02:13:10.695,2024-03-07 05:00:00
125,2024-03-11 14:19:32.122,2024-03-11 14:19:32.123,2024-03-10 05:00:00
127,2024-03-12 01:14:45.776,2024-03-12 22:36:48.831,2024-03-11 04:00:00
128,2024-03-12 02:11:32.975,2024-03-12 02:11:32.976,2024-03-11 04:00:00
129,2024-03-15 01:28:43.502,2024-03-15 01:28:43.503,2024-03-14 04:00:00
131,2024-03-16 02:06:54.56,2024-03-16 02:06:54.561,2024-03-15 04:00:00
132,2024-03-17 05:01:30.228,2024-03-17 05:01:30.229,2024-03-16 04:00:00
133,2024-03-17 21:26:09.444,2024-03-17 21:26:09.445,2024-03-08 06:00:00
134,2024-03-19 02:36:18.164,2024-03-19 02:36:18.165,2024-03-18 04:00:00
135,2024-03-19 23:03:16.797,2024-03-19 23:03:16.798,2024-03-18 04:00:00
137,2024-03-20 00:42:09.802,2024-04-03 03:16:57.455,2024-03-19 04:00:00
139,2024-03-21 04:22:26.145,2024-03-21 04:59:47.163,2024-03-20 05:00:00
141,2024-03-22 02:14:36.541,2024-03-22 02:14:36.542,2024-03-21 04:00:00
145,2024-03-23 03:15:11.929,2024-03-23 03:15:11.93,2024-03-22 04:00:00
146,2024-03-23 19:08:52.721,2024-03-23 19:08:52.722,2024-03-22 04:00:00
153,2024-03-26 02:08:33.209,2024-03-26 02:08:33.21,2024-03-25 04:00:00
155,2024-03-26 02:42:21.636,2024-03-26 02:42:21.637,2024-03-25 04:00:00
156,2024-03-27 02:06:44.472,2024-03-27 02:06:44.474,2024-03-26 04:00:00
157,2024-03-28 02:25:37.464,2024-03-28 02:25:37.465,2024-03-27 04:00:00
158,2024-03-29 03:04:41.71,2024-03-29 03:04:41.711,2024-03-28 04:00:00
159,2024-03-30 02:05:31.299,2024-03-30 02:42:44.705,2024-03-29 04:00:00
160,2024-04-02 00:48:48.955,2024-04-04 06:35:35.705,2024-04-01 04:00:00
163,2024-04-03 00:14:51.611,2024-04-03 00:14:51.611,2024-04-01 04:00:00
164,2024-04-03 01:58:25.825,2024-04-03 01:58:25.826,2024-04-02 04:00:00
171,2024-04-03 04:02:00.817,2024-04-03 04:02:00.819,2024-04-02 04:00:00
172,2024-04-04 05:30:20.772,2024-04-04 06:30:18.056,2024-04-03 04:00:00
173,2024-04-05 20:36:27.016,2024-04-05 20:36:27.017,2024-04-04 07:00:00
176,2024-04-09 22:06:38.71,2024-04-09 22:06:38.711,2024-04-08 04:00:00
177,2024-04-10 00:47:17.926,2024-04-10 01:51:23.404,2024-04-09 04:00:00
178,2024-04-10 01:27:11.368,2024-04-10 01:27:11.369,2024-04-09 04:00:00
180,2024-04-12 00:54:31.802,2024-04-12 17:07:23.634,2024-04-11 04:00:00
181,2024-04-13 01:41:56.536,2024-04-16 04:46:55.315,2024-04-12 04:00:00
182,2024-04-14 22:31:00.855,2024-04-14 22:31:00.856,2024-04-10 07:00:00
196,2024-04-15 18:29:36.335,2024-04-26 19:44:32.863,2024-04-01 04:00:00
197,2024-04-15 18:31:55.162,2024-04-26 19:44:27.958,2024-04-03 04:00:00
198,2024-04-15 18:34:44.895,2024-04-26 19:44:18.467,2024-04-05 04:00:00
199,2024-04-15 18:37:03.466,2024-04-26 19:40:02.813,2024-04-08 04:00:00
200,2024-04-15 18:39:59.032,2024-04-26 19:42:54.208,2024-04-10 04:00:00
202,2024-04-15 18:57:59.608,2024-04-26 19:43:58.459,2024-04-12 04:00:00
203,2024-04-15 19:10:20.429,2024-04-19 04:17:24.992,2024-04-14 04:00:00
205,2024-04-16 00:23:06.66,2024-04-19 05:14:51.976,2024-04-15 04:00:00
206,2024-04-16 00:32:10.603,2024-04-16 02:22:32.559,2024-04-15 05:00:00
207,2024-04-16 01:54:32.275,2024-04-26 19:39:46.509,2024-04-15 04:00:00
218,2024-04-16 02:06:51.307,2024-04-16 02:06:51.308,2024-04-15 04:00:00
222,2024-04-16 02:16:47.268,2024-04-16 02:32:13.65,2024-04-15 05:00:00
223,2024-04-16 02:50:40.564,2024-04-19 04:20:32.263,2024-04-15 04:00:00
224,2024-04-16 03:38:49.837,2024-04-16 03:40:42.051,2024-04-15 04:00:00
225,2024-04-16 04:51:09.428,2024-04-16 04:51:14.652,2024-04-15 04:00:00
227,2024-04-16 11:29:23.743,2024-04-16 11:29:23.744,2024-04-15 14:00:00
228,2024-04-16 21:08:09.3,2024-04-16 21:08:09.301,2024-04-16 04:00:00
229,2024-04-17 00:25:15.794,2024-04-17 00:25:15.795,2024-04-16 05:00:00
231,2024-04-17 02:15:48.841,2024-04-17 02:16:19.592,2024-04-16 04:00:00
232,2024-04-17 02:20:32.606,2024-04-17 02:40:15.073,2024-04-16 04:00:00
237,2024-04-17 12:14:01.218,2024-04-17 12:38:25.092,2024-04-16 12:00:00
244,2024-04-18 02:55:05.107,2024-04-26 19:38:26.958,2024-04-17 04:00:00
245,2024-04-18 03:25:17.138,2024-04-18 12:30:10.001,2024-04-17 04:00:00
248,2024-04-18 04:21:38.297,2024-04-19 04:18:01.449,2024-04-17 04:00:00
249,2024-04-19 00:32:07.279,2024-04-19 00:37:47.13,2024-04-18 04:00:00
251,2024-04-19 02:35:57.647,2024-04-19 02:35:57.647,2024-04-18 07:00:00
253,2024-04-19 03:14:15.821,2024-04-19 03:28:51.893,2024-04-18 07:00:00
255,2024-04-19 03:21:11.34,2024-06-01 02:14:27.865,2024-04-18 07:00:00
259,2024-04-19 03:32:45.452,2024-04-19 03:33:53.553,2024-04-18 04:00:00
261,2024-04-19 11:46:35.653,2024-04-19 11:46:35.654,2024-04-18 14:00:00
262,2024-04-19 22:13:06.856,2024-04-19 22:13:06.857,2024-01-23 07:00:00
271,2024-04-20 00:40:16.765,2024-07-02 01:37:01.462,2024-04-19 04:00:00
276,2024-04-20 02:08:02.624,2024-04-26 19:38:17.608,2024-04-19 04:00:00
277,2024-04-20 03:24:18.288,2024-04-20 20:32:00.297,2024-04-19 04:00:00
278,2024-04-20 03:47:59.487,2024-04-21 18:01:18.826,2024-04-19 05:00:00
279,2024-04-20 04:39:14.539,2024-05-01 15:21:56.157,2024-04-19 04:00:00
280,2024-04-20 23:02:59.048,2024-05-01 15:22:26.017,2024-04-19 04:00:00
281,2024-04-21 02:05:30.778,2024-05-01 15:21:40.458,2024-04-20 04:00:00
282,2024-04-21 02:08:49.836,2024-05-01 15:21:44.541,2024-04-20 04:00:00
285,2024-04-21 04:11:41.066,2024-04-21 04:39:10.61,2024-04-20 05:00:00
287,2024-04-22 02:04:56.985,2024-04-22 02:06:29.992,2024-04-21 05:00:00
291,2024-04-22 02:08:59.92,2024-04-22 02:13:49.29,2024-04-21 05:00:00
292,2024-04-23 01:56:23.388,2024-04-23 01:57:03.115,2024-04-22 04:00:00
293,2024-04-23 01:58:35.989,2024-04-26 19:37:54.401,2024-04-22 04:00:00
294,2024-04-23 03:58:54.851,2024-04-23 03:58:54.852,2024-04-22 04:00:00
296,2024-04-24 02:06:40.096,2024-04-24 02:11:12.091,2024-04-23 04:00:00
297,2024-04-24 03:43:08.423,2024-04-24 04:26:24.143,2024-04-23 04:00:00
298,2024-04-24 04:10:02.206,2024-04-24 04:10:32.344,2024-04-24 04:00:00
300,2024-04-25 01:59:19.079,2024-04-25 01:59:53.574,2024-04-24 05:00:00
301,2024-04-25 02:14:02.672,2024-04-25 02:14:02.673,2024-04-24 04:00:00
302,2024-04-25 02:15:36.317,2024-04-25 02:16:06.75,2024-04-24 04:00:00
303,2024-04-25 03:58:49.434,2024-05-01 15:21:37.571,2024-04-24 04:00:00
305,2024-04-26 02:07:29.607,2024-05-01 15:21:00.625,2024-04-25 04:00:00
306,2024-04-26 19:55:55.956,2024-04-26 19:55:55.957,2024-04-25 22:00:00
308,2024-04-27 01:56:24.418,2024-04-27 02:06:16.112,2024-04-26 06:00:00
309,2024-04-27 02:09:13.167,2024-04-27 02:13:58.918,2024-04-26 05:00:00
311,2024-04-27 02:24:53.809,2024-05-04 02:44:44.411,2024-04-26 04:00:00
312,2024-04-27 04:26:12.496,2024-05-01 15:20:38.15,2024-04-26 06:00:00
315,2024-04-27 22:29:19.942,2024-04-27 22:31:50.65,2024-04-27 04:00:00
316,2024-04-28 01:42:15.623,2024-04-28 01:46:25.663,2024-04-27 06:00:00
318,2024-04-29 02:42:51.317,2024-05-01 14:45:34.938,2024-04-28 04:00:00
319,2024-04-30 02:07:50.693,2024-04-30 02:27:21.435,2024-04-29 04:00:00
320,2024-04-30 02:08:49.307,2024-04-30 04:05:20.804,2024-04-29 06:00:00
321,2024-04-30 02:46:52.892,2024-04-30 02:46:52.893,2024-04-29 04:00:00
322,2024-04-30 06:46:31.097,2024-05-01 15:20:04.896,2024-04-29 06:00:00
324,2024-04-30 16:10:45.445,2024-04-30 17:52:26.081,2024-04-29 23:00:00
325,2024-05-01 00:33:52.162,2024-05-01 00:34:06.389,2024-04-30 04:00:00
327,2024-05-01 03:34:40.061,2024-05-01 17:31:55.525,2024-04-30 04:00:00
329,2024-05-01 03:42:43.611,2024-05-01 03:44:47.784,2024-04-30 06:00:00
330,2024-05-01 04:10:58.475,2024-05-01 04:10:58.476,2024-04-30 07:00:00
333,2024-05-01 15:14:14.073,2024-05-01 15:19:02.007,2024-04-30 04:00:00
334,2024-05-01 15:45:45.744,2024-05-01 16:58:38.935,2024-04-30 23:00:00
337,2024-05-02 01:52:45.417,2024-05-02 01:52:45.418,2024-05-01 04:00:00
338,2024-05-02 02:14:37.698,2024-05-02 02:14:56.022,2024-05-01 04:00:00
339,2024-05-02 02:29:17.271,2024-05-02 02:37:09.529,2024-05-01 06:00:00
340,2024-05-02 18:49:34.151,2024-05-02 20:48:05.2,2024-05-01 23:00:00
342,2024-05-03 00:34:56.951,2024-05-03 04:34:39.799,2024-05-02 04:00:00
343,2024-05-03 01:44:11.225,2024-05-03 01:44:11.227,2024-05-02 04:00:00
344,2024-05-03 02:12:33.531,2024-05-03 02:16:45.227,2024-05-02 05:00:00
345,2024-05-03 02:54:49.567,2024-05-03 02:56:15.626,2024-05-02 04:00:00
346,2024-05-03 19:01:47.376,2024-05-03 20:56:53.466,2024-05-02 23:00:00
350,2024-05-04 02:11:28.718,2024-05-04 02:43:29.01,2024-05-03 04:00:00
351,2024-05-04 03:33:29.043,2024-05-04 03:50:26.42,2024-05-03 04:00:00
352,2024-05-04 19:01:40.084,2024-05-04 19:01:40.085,2024-05-03 23:00:00
353,2024-05-06 01:59:29.577,2024-05-06 02:01:36.123,2024-05-05 04:00:00
354,2024-05-06 02:11:29.451,2024-05-06 02:13:06.066,2024-05-05 06:00:00
356,2024-05-06 02:22:21.811,2024-05-06 02:23:24.862,2024-05-05 05:00:00
361,2024-05-06 02:31:17.967,2024-05-06 03:01:28.425,2024-05-05 07:00:00
362,2024-05-06 16:08:35.369,2024-05-06 16:55:53.476,2024-05-05 23:00:00
375,2024-05-07 02:25:59.337,2024-05-07 02:26:28.505,2024-05-06 04:00:00
376,2024-05-07 21:34:13.846,2024-05-09 02:33:41.418,2024-05-05 03:00:00
377,2024-05-07 22:17:04.189,2024-05-07 22:19:35.002,2024-04-27 03:00:00
378,2024-05-08 00:47:19.674,2024-05-08 00:47:43.98,2024-05-07 04:00:00
379,2024-05-08 01:52:17.951,2024-05-08 01:52:17.953,2024-05-07 04:00:00
381,2024-05-08 07:02:29.664,2024-05-08 07:02:29.665,2024-05-07 04:00:00
383,2024-05-08 23:24:41.177,2024-05-08 23:42:36.139,2024-05-07 04:00:00
385,2024-05-09 00:06:33.56,2024-05-09 00:06:33.561,2024-05-08 04:00:00
386,2024-05-09 01:53:39.161,2024-05-09 01:53:39.162,2024-05-08 03:00:00
387,2024-05-09 03:29:06.282,2024-05-09 03:29:46.347,2024-05-08 04:00:00
388,2024-05-10 00:07:47.418,2024-05-10 05:15:45.395,2024-05-09 07:00:00
390,2024-05-10 01:02:00.903,2024-05-10 01:04:34.714,2024-05-09 04:00:00
394,2024-05-10 02:01:29,2024-05-10 02:01:39.695,2024-05-09 03:00:00
395,2024-05-10 03:00:02.036,2024-05-10 05:07:27.372,2024-05-09 04:00:00
396,2024-05-10 06:10:06.255,2024-05-10 06:10:06.257,2024-05-09 07:00:00
398,2024-05-11 01:14:54.034,2024-05-11 01:32:29.034,2024-05-10 04:00:00
402,2024-05-11 02:12:15.676,2024-05-11 02:12:34.837,2024-05-10 04:00:00
403,2024-05-11 02:12:52.911,2024-05-11 02:53:56.071,2024-05-10 03:00:00
404,2024-05-11 02:28:48.043,2024-05-11 03:20:06.709,2024-05-10 04:00:00
405,2024-05-11 04:04:07.488,2024-05-11 04:04:07.489,2024-05-10 03:00:00
408,2024-05-12 00:30:08.377,2024-05-12 00:30:08.378,2024-05-11 07:00:00
410,2024-05-12 02:02:21.151,2024-05-12 02:04:41.839,2024-05-11 06:00:00
411,2024-05-12 02:05:29.767,2024-05-12 02:08:27.646,2024-05-11 06:00:00
412,2024-05-12 21:58:22.385,2024-05-12 22:03:55.469,2024-05-02 06:00:00
413,2024-05-12 21:59:38.423,2024-05-12 22:03:47.786,2024-05-06 06:00:00
415,2024-05-12 22:02:36.001,2024-05-12 22:03:34.087,2024-05-07 06:00:00
416,2024-05-13 01:42:01.04,2024-05-13 01:42:11.442,2024-05-12 04:00:00
417,2024-05-13 02:06:45.644,2024-05-13 02:06:45.645,2024-05-12 03:00:00
418,2024-05-13 03:52:56.753,2024-05-13 03:52:56.755,2024-05-12 04:00:00
419,2024-05-14 02:12:23.571,2024-05-14 02:43:05.392,2024-05-13 05:00:00
420,2024-05-14 02:16:49.325,2024-05-14 02:18:21.407,2024-05-13 04:00:00
421,2024-05-14 02:36:39.25,2024-05-18 03:34:18.265,2024-05-13 04:00:00
422,2024-05-15 00:15:36.398,2024-05-15 00:15:36.399,2024-05-14 04:00:00
423,2024-05-15 02:07:43.801,2024-05-15 02:08:28.174,2024-05-14 04:00:00
425,2024-05-16 00:08:33.379,2024-05-16 00:08:33.379,2024-05-15 03:00:00
426,2024-05-16 02:21:22.24,2024-05-16 02:21:22.241,2024-05-15 05:00:00
427,2024-05-16 02:41:17.201,2024-05-16 02:41:48.872,2024-05-15 04:00:00
428,2024-05-16 02:45:25,2024-05-16 02:54:42.298,2024-05-15 04:00:00
429,2024-05-17 02:33:28.983,2024-05-17 02:34:20.064,2024-05-16 04:00:00
430,2024-05-17 02:59:29.004,2024-05-17 04:20:59.604,2024-05-16 04:00:00
431,2024-05-18 01:34:24.257,2024-05-18 01:34:24.259,2024-05-17 05:00:00
432,2024-05-18 01:55:41.311,2024-05-18 01:56:16.091,2024-05-17 04:00:00
433,2024-05-18 02:56:13.339,2024-05-18 03:33:19.436,2024-05-17 04:00:00
434,2024-05-19 16:23:28.891,2024-05-19 16:36:00.037,2024-05-17 06:00:00
435,2024-05-20 02:00:09.782,2024-05-20 02:00:09.783,2024-05-18 03:00:00
436,2024-05-20 02:07:56.497,2024-05-20 02:08:09.464,2024-05-19 04:00:00
437,2024-05-20 02:44:24.119,2024-05-20 16:30:27.291,2024-05-19 04:00:00
438,2024-05-21 00:33:57.252,2024-05-21 01:32:28.679,2024-05-20 04:00:00
444,2024-05-21 02:25:49.488,2024-05-21 02:25:49.489,2024-05-20 03:00:00
448,2024-05-21 02:30:57.577,2024-05-21 02:37:29.325,2024-05-20 04:00:00
452,2024-05-21 03:10:10.299,2024-05-22 00:38:01.855,2024-05-20 04:00:00
453,2024-05-21 03:51:20.257,2024-05-21 03:52:53.31,2024-05-20 05:00:00
454,2024-05-22 00:33:10.695,2024-05-22 00:33:31.3,2024-05-21 04:00:00
455,2024-05-22 02:02:11.588,2024-05-22 02:03:32.09,2024-05-21 06:00:00
456,2024-05-22 02:33:58.352,2024-05-22 02:34:05.679,2024-05-21 04:00:00
458,2024-05-22 02:45:15.955,2024-05-22 02:45:15.956,2024-05-21 07:00:00
459,2024-05-23 04:09:59.03,2024-05-23 12:19:38.913,2024-05-23 04:00:00
460,2024-05-23 12:22:50.105,2024-05-23 12:24:57.871,2024-05-22 04:00:00
465,2024-05-24 00:52:16.113,2024-05-24 00:52:16.114,2024-05-23 07:00:00
466,2024-05-24 01:54:18.435,2024-05-24 01:54:41.246,2024-05-23 04:00:00
467,2024-05-24 02:20:07.415,2024-05-24 02:20:07.416,2024-05-23 03:00:00
468,2024-05-24 02:20:13.054,2024-05-24 02:20:13.055,2024-05-23 03:00:00
469,2024-05-24 02:39:17.035,2024-05-24 02:52:04.395,2024-05-23 04:00:00
470,2024-05-24 02:52:43.993,2024-05-24 04:02:56.836,2024-05-23 04:00:00
471,2024-05-25 01:01:18.315,2024-05-25 01:01:18.316,2024-05-24 07:00:00
472,2024-05-25 02:14:19.082,2024-05-25 02:17:57.419,2024-05-24 04:00:00
474,2024-05-25 04:02:04.622,2024-05-25 04:04:42.806,2024-05-24 04:00:00
477,2024-05-27 23:01:06.506,2024-05-27 23:01:06.507,2024-05-24 03:00:00
478,2024-05-27 23:04:03.753,2024-06-03 21:53:37.701,2024-05-26 03:00:00
480,2024-05-28 02:11:26.354,2024-05-28 02:13:53.216,2024-05-23 06:00:00
481,2024-05-28 02:13:27.837,2024-05-28 02:13:41.476,2024-05-27 06:00:00
482,2024-05-28 02:15:23.782,2024-05-28 03:24:51.142,2024-05-27 04:00:00
487,2024-05-29 00:48:20.052,2024-05-29 00:48:20.053,2024-05-28 04:00:00
488,2024-05-29 01:56:40.985,2024-05-29 01:56:40.986,2024-05-28 04:00:00
490,2024-05-29 03:05:09.701,2024-05-29 03:05:36.989,2024-05-28 04:00:00
491,2024-05-30 00:39:27.589,2024-05-30 00:39:27.59,2024-05-29 03:00:00
494,2024-05-30 11:57:14.952,2024-05-30 12:14:11.462,2024-05-29 04:00:00
495,2024-05-31 00:56:31.251,2024-05-31 00:57:18.727,2024-05-30 04:00:00
496,2024-05-31 02:11:00.964,2024-05-31 02:11:08.489,2024-05-30 04:00:00
501,2024-05-31 13:05:51.481,2024-05-31 13:14:37.25,2024-05-31 04:00:00
503,2024-06-01 01:14:34.757,2024-06-01 01:14:34.758,2024-05-31 07:00:00
504,2024-06-01 01:16:33.657,2024-06-01 01:20:56.278,2024-05-31 04:00:00
505,2024-06-03 00:35:50.939,2024-06-03 00:35:50.94,2024-06-02 07:00:00
506,2024-06-03 01:51:03.427,2024-06-03 01:51:53.175,2024-06-02 04:00:00
507,2024-06-03 01:56:00.074,2024-06-03 01:56:07.86,2024-06-02 04:00:00
509,2024-06-03 10:19:46.997,2024-06-03 10:35:36.013,2024-06-02 04:00:00
512,2024-06-03 23:56:36.632,2024-06-03 23:56:36.633,2024-06-03 05:00:00
514,2024-06-05 00:11:30.279,2024-06-05 00:11:30.28,2023-11-07 05:00:00
515,2024-06-05 00:17:37.739,2024-10-17 02:05:54.345,2023-11-09 05:00:00
516,2024-06-05 00:18:29.737,2024-06-05 00:20:09.985,2023-11-11 05:00:00
517,2024-06-05 00:19:19.72,2024-06-05 00:19:19.721,2023-11-27 05:00:00
518,2024-06-05 00:20:38.059,2024-06-05 00:20:38.06,2023-11-29 05:00:00
519,2024-06-05 00:21:54.309,2024-06-05 00:21:54.31,2023-12-02 05:00:00
522,2024-06-05 00:24:10.735,2024-06-05 00:24:10.736,2023-12-05 05:00:00
524,2024-06-05 00:25:23.122,2024-06-05 00:25:23.123,2023-12-09 05:00:00
528,2024-06-05 00:29:12.655,2024-06-05 00:29:12.656,2023-12-11 05:00:00
531,2024-06-05 00:30:36.527,2024-06-05 00:30:36.528,2023-12-12 05:00:00
533,2024-06-05 00:55:30.388,2025-11-18 02:52:44.99,2024-06-04 04:00:00
534,2024-06-05 02:06:47.373,2024-06-05 02:08:42.213,2024-06-04 06:00:00
535,2024-06-05 02:49:04.61,2024-06-05 02:49:47.895,2024-06-04 05:00:00
536,2024-06-05 04:12:50.459,2024-06-05 04:13:14.633,2024-06-04 04:00:00
537,2024-06-06 02:01:33.157,2024-06-06 02:03:31.376,2024-06-05 04:00:00
538,2024-06-06 02:23:27.682,2024-06-06 02:23:52.114,2024-06-05 04:00:00
539,2024-06-06 02:27:55.19,2024-06-06 02:30:32.654,2024-06-05 05:00:00
540,2024-06-06 19:43:18.222,2024-06-06 19:43:18.223,2024-06-04 03:00:00
542,2024-06-06 19:46:16.173,2024-06-06 19:46:16.175,2024-06-04 03:00:00
543,2024-06-06 19:48:24.354,2024-06-06 19:48:24.355,2024-06-05 03:00:00
544,2024-06-07 00:56:58.417,2024-06-07 01:19:44.652,2024-06-06 04:00:00
545,2024-06-07 02:12:56.778,2024-06-07 02:14:52.516,2024-06-06 05:00:00
547,2024-06-08 01:28:57.328,2024-06-08 01:31:18.008,2024-06-07 04:00:00
548,2024-06-08 01:58:55.358,2024-06-08 01:59:29.022,2024-06-07 04:00:00
549,2024-06-08 11:40:22.997,2024-06-08 11:41:23.215,2024-06-07 04:00:00
551,2024-06-08 19:19:59.698,2024-06-08 21:06:16.556,2024-06-07 22:00:00
553,2024-06-09 21:33:58.994,2024-06-09 21:33:58.995,2024-06-09 04:00:00
554,2024-06-10 02:33:08.452,2024-06-10 02:34:07.707,2024-06-09 05:00:00
556,2024-06-10 05:17:03.012,2024-06-10 05:17:40.528,2024-06-09 04:00:00
564,2024-06-12 01:00:45.777,2024-06-19 00:22:46.281,2024-06-11 04:00:00
565,2024-06-12 01:31:16.057,2024-06-13 00:49:12.57,2024-06-11 04:00:00
566,2024-06-12 02:07:43.276,2024-06-13 11:42:43.457,2024-06-11 04:00:00
567,2024-06-12 02:11:22.994,2024-06-12 02:13:08.796,2024-06-11 04:00:00
568,2024-06-12 13:00:25.123,2024-06-12 13:00:25.124,2024-06-10 21:00:00
570,2024-06-13 11:41:49.185,2024-06-13 11:44:14.63,2024-06-12 04:00:00
571,2024-06-13 12:00:10.628,2024-06-13 12:25:54.207,2024-06-12 04:00:00
574,2024-06-14 02:00:37.791,2024-06-14 02:14:17.112,2024-06-13 04:00:00
575,2024-06-14 04:00:16.271,2024-06-17 23:29:39.024,2024-06-13 04:00:00
576,2024-06-14 04:01:42.212,2024-06-19 00:22:49.727,2024-06-13 04:00:00
577,2024-06-15 02:00:22.1,2024-06-15 03:06:02.942,2024-06-14 05:00:00
578,2024-06-15 02:34:04.054,2024-06-15 03:12:40.401,2024-06-14 04:00:00
580,2024-06-15 11:51:08.643,2024-06-15 11:55:03.154,2024-06-14 04:00:00
581,2024-06-15 21:11:45.156,2024-06-15 21:11:45.157,2024-06-14 22:00:00
582,2024-06-16 11:49:31.742,2024-06-16 11:50:00.769,2024-06-15 04:00:00
608,2024-06-18 02:26:26.084,2024-06-18 02:37:49.329,2024-06-16 04:00:00
609,2024-06-18 02:52:37.588,2024-06-18 02:53:26.162,2024-06-17 04:00:00
610,2024-06-19 02:06:13.783,2024-06-19 19:37:00.376,2024-06-18 04:00:00
613,2024-06-19 02:17:39.681,2024-06-19 02:19:55.931,2024-06-18 05:00:00
615,2024-06-19 15:10:33.239,2024-06-19 15:11:32.648,2024-06-18 04:00:00
616,2024-06-20 01:51:14.47,2024-06-20 01:51:36.92,2024-06-19 04:00:00
617,2024-06-20 02:06:59.008,2024-06-20 02:08:44.739,2024-06-19 04:00:00
619,2024-06-21 02:07:59.05,2024-06-21 02:07:59.051,2024-06-20 04:00:00
620,2024-06-21 04:04:43.454,2024-06-21 04:14:33.533,2024-06-20 06:00:00
621,2024-06-21 04:05:03.175,2024-06-22 12:48:38.565,2024-06-20 04:00:00
622,2024-06-21 04:06:51.141,2024-06-22 12:49:04.507,2024-06-20 04:00:00
623,2024-06-21 04:23:43.09,2024-06-21 04:25:21.199,2024-06-20 05:00:00
625,2024-06-22 01:42:32.741,2024-09-09 19:27:43.708,2024-06-21 04:00:00
626,2024-06-22 12:48:10.272,2024-06-22 13:04:21.351,2024-06-21 04:00:00
627,2024-06-22 23:04:50.292,2024-06-22 23:06:59.456,2024-06-21 04:00:00
629,2024-06-23 01:58:36.105,2024-06-23 01:59:26.053,2024-06-22 04:00:00
632,2024-06-23 12:39:42.499,2024-06-23 13:22:40.733,2024-06-22 04:00:00
641,2024-06-24 02:07:03.773,2024-06-24 02:07:03.774,2024-06-23 04:00:00
642,2024-06-24 02:12:56.401,2024-06-24 16:17:45.891,2024-06-23 04:00:00
644,2024-06-25 01:43:11.737,2024-06-25 02:15:13.541,2024-06-24 04:00:00
645,2024-06-25 02:21:35.222,2024-06-25 02:36:17.351,2024-06-24 04:00:00
646,2024-06-25 02:52:57.761,2024-06-28 01:45:01.018,2024-06-23 04:00:00
650,2024-06-26 00:27:54.419,2024-06-27 23:52:36.943,2024-06-25 05:00:00
651,2024-06-26 00:48:11.534,2024-06-26 00:48:11.535,2024-06-25 04:00:00
652,2024-06-26 01:43:46.354,2024-06-26 01:44:16.033,2024-06-25 04:00:00
654,2024-06-26 19:14:39.611,2024-06-27 04:04:00.673,2024-06-25 04:00:00
655,2024-06-27 03:51:59.954,2024-06-28 02:05:00.965,2024-06-26 04:00:00
656,2024-06-27 03:53:10.609,2024-06-28 02:05:08.128,2024-06-26 04:00:00
658,2024-06-28 00:24:04.318,2024-06-28 00:24:04.319,2024-06-27 05:00:00
659,2024-06-28 01:19:40.044,2024-06-28 01:22:47.151,2024-06-26 04:00:00
660,2024-06-28 01:50:16.949,2024-06-28 01:50:52.512,2024-06-25 04:00:00
661,2024-06-28 02:32:10.845,2024-06-28 02:33:33.351,2024-06-27 05:00:00
662,2024-06-28 03:54:51.907,2024-06-28 03:56:01.488,2024-06-27 06:00:00
664,2024-06-28 05:05:18.216,2024-06-28 05:07:57.161,2024-06-27 04:00:00
665,2024-06-28 05:23:13.876,2024-06-28 05:24:56.628,2024-06-26 04:00:00
666,2024-06-29 02:10:16.896,2024-06-29 02:10:46.015,2024-06-28 04:00:00
667,2024-06-29 21:29:03.337,2024-06-29 21:29:03.338,2024-06-28 05:00:00
668,2024-06-30 00:06:02.892,2024-06-30 00:06:02.893,2024-06-28 04:00:00
669,2024-06-30 02:20:14.141,2024-07-14 01:54:53.377,2024-06-29 05:00:00
670,2024-07-01 00:00:20.295,2024-07-01 00:00:20.296,2024-06-29 05:00:00
671,2024-07-01 02:36:26.182,2024-07-14 01:55:23.423,2024-06-30 05:00:00
672,2024-07-01 22:37:11.965,2024-07-01 22:37:11.966,2024-07-01 04:00:00
675,2024-07-02 00:49:57.775,2024-07-02 00:49:57.776,2024-07-01 04:00:00
680,2024-07-02 01:26:31.894,2024-07-02 02:08:20.325,2024-07-01 04:00:00
681,2024-07-02 02:14:17.973,2024-07-02 02:16:10.949,2024-07-01 04:00:00
682,2024-07-03 00:23:42.388,2024-07-12 01:26:00.38,2024-07-02 05:00:00
683,2024-07-03 00:27:25.395,2024-07-03 00:27:25.396,2024-07-02 04:00:00
684,2024-07-03 02:06:03.765,2024-07-03 12:29:47.634,2024-07-02 04:00:00
685,2024-07-03 02:49:22.566,2024-07-12 01:26:38.609,2024-07-02 05:00:00
689,2024-07-04 01:41:56.475,2024-07-04 01:46:02.916,2024-07-03 04:00:00
690,2024-07-04 02:05:45.887,2024-07-04 02:07:30.06,2024-07-03 06:00:00
691,2024-07-04 02:15:58.709,2024-07-04 02:16:58.93,2024-07-03 04:00:00
692,2024-07-04 15:34:49.515,2024-07-05 22:10:18.923,2024-07-04 04:00:00
693,2024-07-05 01:55:10.464,2024-07-05 02:42:23.99,2024-07-03 04:00:00
694,2024-07-05 02:02:15.313,2024-07-05 02:02:24.23,2024-07-04 06:00:00
695,2024-07-06 00:33:45.431,2024-07-12 01:26:56.421,2024-07-05 05:00:00
696,2024-07-06 04:18:05.323,2024-07-06 04:18:05.324,2024-07-06 04:00:00
697,2024-07-06 11:19:41.572,2024-07-06 11:40:27.327,2024-07-05 04:00:00
699,2024-07-07 03:57:22.178,2024-07-14 01:55:36.509,2024-07-06 05:00:00
702,2024-07-08 14:04:50.296,2024-07-08 14:05:21.499,2024-07-07 04:00:00
703,2024-07-09 01:49:38.75,2024-07-09 01:49:59.819,2024-07-08 04:00:00
704,2024-07-09 03:53:18.079,2024-08-29 02:55:42.571,2024-07-08 04:00:00
705,2024-07-09 16:07:46.604,2024-07-09 16:09:11.029,2024-07-08 04:00:00
707,2024-07-10 00:36:45.035,2024-07-12 00:36:06.225,2024-07-09 05:00:00
708,2024-07-10 02:02:18.343,2024-07-10 02:06:06.327,2024-07-08 04:00:00
709,2024-07-10 02:12:48.889,2024-07-10 02:15:26.797,2024-07-09 04:00:00
710,2024-07-11 00:44:00.578,2024-07-11 00:44:00.579,2024-07-10 05:00:00
715,2024-07-11 03:46:06.625,2024-07-11 03:54:04.817,2024-07-10 04:00:00
716,2024-07-11 04:09:03.721,2024-07-11 04:09:03.722,2024-07-10 04:00:00
717,2024-07-12 00:55:29.264,2024-07-12 01:29:23.937,2024-07-11 05:00:00
718,2024-07-12 01:49:49.588,2024-07-14 01:55:53.1,2024-07-11 05:00:00
719,2024-07-12 02:06:21.055,2024-07-12 02:13:24.166,2024-07-11 05:00:00
720,2024-07-12 04:19:35.51,2024-07-12 04:20:07.982,2024-07-11 05:00:00
721,2024-07-12 05:45:46.618,2024-07-12 05:56:08.009,2024-07-07 04:00:00
725,2024-07-12 05:48:31.718,2024-07-12 05:56:18.876,2024-07-07 04:00:00
726,2024-07-12 05:49:32.732,2024-07-12 05:54:48.392,2024-07-09 04:00:00
727,2024-07-12 05:50:08.544,2024-07-12 05:54:59.586,2024-07-09 04:00:00
728,2024-07-12 05:57:57.943,2024-07-12 05:58:49.57,2024-07-11 04:00:00
729,2024-07-12 05:59:55.912,2024-07-12 06:00:29.09,2024-07-11 04:00:00
730,2024-07-12 11:35:08.233,2024-07-12 11:40:38.294,2024-07-11 04:00:00
732,2024-07-13 00:35:43.978,2024-07-13 00:36:05.32,2024-07-12 05:00:00
733,2024-07-13 02:44:22.263,2024-07-13 03:53:50.792,2024-07-12 05:00:00
734,2024-07-13 23:12:47.172,2024-07-13 23:14:53.36,2024-07-11 06:00:00
735,2024-07-14 01:56:52.555,2024-07-14 01:56:52.556,2024-07-13 05:00:00
736,2024-07-14 02:10:09.152,2024-07-17 01:59:38.071,2024-07-13 06:00:00
745,2024-07-15 02:13:53.309,2024-07-15 03:27:27.803,2024-07-14 05:00:00
746,2024-07-15 02:37:35.124,2024-07-23 17:31:08.731,2024-07-14 04:00:00
753,2024-07-15 23:52:00.346,2024-07-15 23:52:00.347,2024-07-15 04:00:00
754,2024-07-16 15:15:38.811,2024-07-19 02:22:17.285,2024-07-09 04:00:00
755,2024-07-17 00:30:22.312,2024-07-17 01:08:49.925,2024-07-16 05:00:00
756,2024-07-17 02:27:46.872,2024-07-17 02:27:46.873,2024-07-16 05:00:00
757,2024-07-18 00:40:05.509,2024-07-18 01:44:59.576,2024-07-17 05:00:00
759,2024-07-18 02:25:25.892,2024-07-18 16:57:47.986,2024-07-15 04:00:00
761,2024-07-18 16:58:38.668,2024-07-18 17:00:08.182,2024-07-17 04:00:00
763,2024-07-18 22:30:49.069,2024-07-18 23:46:53.779,2024-07-18 05:00:00
764,2024-07-19 01:59:52.406,2024-07-19 02:00:48.593,2024-07-18 06:00:00
767,2024-07-21 00:53:35.863,2024-07-21 00:53:43.92,2024-07-20 04:00:00
768,2024-07-21 02:04:00.716,2024-07-21 02:18:11.992,2024-07-20 05:00:00
769,2024-07-21 15:18:29.937,2024-07-21 15:20:02.901,2024-07-19 04:00:00
770,2024-07-21 15:20:54.697,2024-07-21 15:23:58.058,2024-07-20 04:00:00
772,2024-07-22 21:00:07.033,2024-07-22 21:00:23.253,2024-07-21 04:00:00
775,2024-07-23 02:19:58.71,2024-07-23 02:29:28.969,2024-07-22 05:00:00
776,2024-07-23 02:27:36.156,2024-07-23 02:30:58.247,2024-07-22 04:00:00
778,2024-07-24 00:55:07.755,2024-07-24 00:55:07.764,2024-07-23 05:00:00
779,2024-07-25 02:53:52.245,2024-07-25 02:57:31.765,2024-07-24 05:00:00
780,2024-07-26 00:36:23.918,2024-07-26 00:36:23.919,2024-07-25 05:00:00
781,2024-07-26 21:17:55.083,2024-07-26 21:19:02.703,2024-07-24 04:00:00
782,2024-07-27 01:56:41.954,2024-07-27 01:57:02.073,2024-07-26 04:00:00
783,2024-07-30 01:50:43.887,2024-07-30 01:52:35.716,2024-07-29 05:00:00
784,2024-07-31 00:44:31.221,2024-07-31 00:44:31.222,2024-07-30 05:00:00
785,2024-07-31 00:45:54.546,2024-07-31 00:45:54.547,2024-07-30 05:00:00
786,2024-07-31 01:50:52.87,2024-07-31 01:51:42.461,2024-07-30 06:00:00
787,2024-07-31 19:05:37.074,2024-07-31 19:05:37.075,2024-07-31 04:00:00
789,2024-08-01 01:59:58.089,2024-08-01 02:01:41.354,2024-07-31 05:00:00
790,2024-08-06 21:47:18.431,2024-08-06 21:49:32.25,2024-07-31 05:00:00
791,2024-08-07 00:14:22.832,2024-08-16 00:57:15.801,2024-08-06 05:00:00
792,2024-08-07 00:51:28.332,2024-08-07 00:51:28.333,2024-08-06 05:00:00
793,2024-08-08 02:58:18.45,2024-08-08 02:58:18.452,2024-08-07 04:00:00
794,2024-08-08 23:18:43.918,2024-08-08 23:18:43.919,2024-08-08 05:00:00
795,2024-08-09 02:03:13.325,2024-08-09 02:03:46.615,2024-08-08 05:00:00
797,2024-08-12 21:42:33.509,2024-08-12 21:43:15.866,2024-07-26 04:00:00
798,2024-08-13 00:53:49.389,2024-08-13 00:53:49.39,2024-08-12 04:00:00
800,2024-08-13 19:31:51.076,2024-08-13 19:51:56.884,2024-07-16 04:00:00
801,2024-08-13 19:33:28.934,2024-08-13 19:52:29.72,2024-07-18 04:00:00
806,2024-08-13 19:38:02.795,2024-08-13 19:52:41.682,2024-07-21 04:00:00
807,2024-08-13 19:48:13.971,2024-08-13 19:53:04.133,2024-08-08 04:00:00
808,2024-08-13 19:50:19.037,2024-08-13 19:51:41.563,2024-08-08 04:00:00
809,2024-08-13 19:55:34.13,2024-08-13 19:56:09.694,2024-08-11 04:00:00
810,2024-08-13 23:52:32.298,2024-08-24 03:32:53.73,2024-08-13 04:00:00
811,2024-08-14 02:12:16.131,2024-08-14 02:14:13.85,2024-08-13 05:00:00
812,2024-08-14 02:12:23.963,2024-08-14 02:12:23.964,2024-08-13 05:00:00
813,2024-08-14 20:24:06.51,2024-08-14 20:24:34.004,2024-08-12 04:00:00
815,2024-08-15 02:35:00.774,2024-08-15 02:35:42.914,2024-08-14 05:00:00
816,2024-08-15 23:31:50.192,2024-08-15 23:31:50.193,2024-08-15 05:00:00
817,2024-08-16 01:06:53.549,2024-08-22 17:53:30.669,2024-08-15 05:00:00
818,2024-08-19 14:24:19.896,2024-08-19 23:40:30.469,2024-08-14 04:00:00
819,2024-08-20 16:50:37.863,2024-08-20 17:16:23.647,2024-08-19 04:00:00
820,2024-08-22 02:06:40.287,2024-08-22 02:07:19.541,2024-08-21 05:00:00
821,2024-08-22 02:27:23.077,2024-08-29 02:54:14.876,2024-08-21 04:00:00
822,2024-08-22 15:18:40.973,2024-08-22 15:22:15.301,2024-08-21 04:00:00
823,2024-08-22 23:13:15.811,2024-08-23 16:17:59.545,2024-08-22 05:00:00
824,2024-08-23 02:04:58.246,2024-08-23 02:05:41.404,2024-08-22 06:00:00
825,2024-08-24 03:08:46.787,2024-08-24 03:08:46.788,2024-08-23 04:00:00
826,2024-08-24 13:38:23.983,2024-08-24 13:57:53.262,2024-08-23 04:00:00
828,2024-08-25 09:34:18.993,2024-08-25 09:36:21.533,2024-08-24 05:00:00
830,2024-08-27 02:01:59.476,2024-08-27 16:23:03.814,2024-08-26 04:00:00
831,2024-08-27 02:45:35.618,2024-08-27 02:47:59.652,2024-08-26 05:00:00
832,2024-08-27 02:50:15.621,2024-08-27 02:50:55.329,2024-08-26 05:00:00
833,2024-08-27 16:57:12.989,2024-08-28 22:02:38.24,2024-08-26 04:00:00
834,2024-08-29 02:21:49.827,2024-08-29 02:22:28.102,2024-08-28 05:00:00
835,2024-08-29 03:02:01.047,2024-08-29 04:32:05.811,2024-08-28 04:00:00
836,2024-08-29 16:54:19.276,2024-08-29 16:54:19.277,2024-04-14 04:00:00
839,2024-08-30 00:30:15.422,2024-08-30 00:30:15.423,2024-08-29 04:00:00
841,2024-08-30 02:05:57.75,2024-08-30 02:10:56.997,2024-08-29 06:00:00
842,2024-08-31 17:47:58.863,2024-08-31 18:35:18.613,2024-08-27 04:00:00
843,2024-08-31 17:51:32.192,2024-08-31 18:15:47.672,2024-08-30 04:00:00
844,2024-08-31 18:57:21.212,2024-08-31 18:57:21.213,2024-08-30 04:00:00
845,2024-09-03 19:47:46.307,2024-09-03 19:47:46.319,2024-09-02 04:00:00
846,2024-09-03 23:47:50.883,2024-09-03 23:47:50.884,2024-09-03 05:00:00
847,2024-09-04 00:21:27.803,2024-09-04 00:21:27.803,2024-09-03 05:00:00
848,2024-09-04 02:02:45.481,2024-09-04 02:02:45.482,2024-09-03 04:00:00
849,2024-09-05 01:57:02.502,2024-09-05 01:57:11.621,2024-09-04 06:00:00
850,2024-09-05 02:02:22.365,2024-09-05 02:02:22.366,2024-09-04 04:00:00
851,2024-09-06 02:05:02.847,2024-09-06 02:06:02.495,2024-09-05 05:00:00
852,2024-09-07 00:48:54.44,2024-09-07 00:48:54.441,2024-09-06 05:00:00
853,2024-09-07 01:58:50.466,2024-09-07 02:00:10.437,2024-09-06 06:00:00
854,2024-09-08 22:39:33.714,2024-09-08 22:39:33.732,2024-09-06 04:00:00
855,2024-09-08 22:40:48.932,2024-09-11 19:50:31.755,2024-09-06 04:00:00
856,2024-09-10 02:03:19.878,2024-09-10 02:03:28.282,2024-09-09 06:00:00
857,2024-09-12 00:47:01.05,2024-09-12 00:47:01.051,2024-09-11 05:00:00
858,2024-09-14 04:12:00.292,2024-09-14 04:16:27.517,2024-09-13 04:00:00
859,2024-09-14 04:15:19.07,2024-09-14 04:15:49.466,2024-09-13 04:00:00
860,2024-09-15 01:56:31.975,2024-09-15 01:57:22.877,2024-09-14 04:00:00
863,2024-09-17 01:10:41.683,2024-09-17 01:10:41.684,2024-09-16 05:00:00
864,2024-09-17 01:46:08.686,2024-09-17 01:46:08.687,2024-09-16 04:00:00
868,2024-09-17 02:55:55.046,2024-09-17 02:55:55.047,2024-09-16 04:00:00
869,2024-09-17 03:56:55.471,2024-09-17 04:01:30.275,2024-09-16 06:00:00
870,2024-09-19 01:43:07.582,2024-10-08 14:33:46.112,2024-09-17 04:00:00
871,2024-09-20 03:51:25.811,2024-09-20 03:51:25.812,2024-09-19 04:00:00
872,2024-09-21 01:59:21.795,2024-09-21 02:04:27.358,2024-09-20 04:00:00
873,2024-09-21 21:56:23.368,2024-09-21 21:56:23.369,2024-09-19 03:00:00
874,2024-09-22 22:09:40.432,2024-09-22 22:09:40.433,2024-09-18 04:00:00
875,2024-09-22 22:10:35.469,2024-09-23 17:00:41.684,2024-09-19 04:00:00
876,2024-09-24 03:50:54.496,2024-09-26 22:29:39.954,2024-09-23 04:00:00
877,2024-09-24 14:30:37.045,2024-10-08 14:33:40.832,2024-09-23 04:00:00
884,2024-09-25 02:09:56.328,2024-09-25 02:09:56.329,2024-09-24 04:00:00
887,2024-09-25 14:45:27.619,2024-10-08 14:33:36.361,2024-09-24 04:00:00
888,2024-09-26 01:54:56.844,2024-09-26 01:54:56.845,2024-09-25 04:00:00
889,2024-09-26 02:28:39.527,2024-09-26 02:28:39.528,2024-09-25 04:00:00
891,2024-09-27 04:01:25.093,2024-09-27 04:01:25.094,2024-09-27 04:00:00
892,2024-09-28 02:00:01.548,2024-09-28 02:02:03.646,2024-09-27 04:00:00
894,2024-09-28 11:21:14.533,2024-10-08 14:33:32.173,2024-09-26 04:00:00
905,2024-10-01 16:08:47.9,2024-10-08 14:33:26.828,2024-09-30 04:00:00
906,2024-10-02 04:00:45.522,2024-10-02 04:24:59.351,2024-10-02 04:00:00
907,2024-10-04 21:25:07.293,2024-10-04 21:25:07.294,2024-10-03 04:00:00
908,2024-10-05 01:58:24.154,2024-10-05 01:59:01.591,2024-10-04 04:00:00
909,2024-10-05 02:10:03.596,2024-10-05 02:10:03.597,2024-10-04 04:00:00
913,2024-10-08 14:19:36.316,2024-10-08 14:28:55.962,2024-10-07 04:00:00
914,2024-10-09 00:07:50.619,2024-10-09 00:07:50.62,2024-10-02 05:00:00
918,2024-10-10 21:57:45.309,2024-10-10 21:57:45.31,2024-10-09 04:00:00
919,2024-10-11 02:01:36.968,2024-10-11 02:03:28.348,2024-10-10 04:00:00
920,2024-10-14 14:32:09.278,2024-10-14 14:32:09.279,2024-10-09 04:00:00
921,2024-10-14 16:41:36.221,2024-10-14 16:41:36.222,2024-10-14 04:00:00
924,2024-10-14 17:18:11.678,2024-10-14 17:18:11.679,2024-09-30 04:00:00
925,2024-10-14 17:20:25.506,2024-10-14 17:20:25.507,2024-10-14 04:00:00
933,2024-10-14 17:51:32.366,2024-10-14 17:51:32.367,2024-10-14 04:00:00
934,2024-10-14 20:35:15.285,2024-10-14 21:18:52.744,2024-10-14 04:00:00
938,2024-10-14 21:20:46.109,2024-10-14 21:20:46.11,2024-10-12 04:00:00
939,2024-10-14 21:20:53.229,2024-10-14 21:20:53.23,2024-10-12 04:00:00
940,2024-10-16 02:19:15.352,2024-10-16 02:21:40.726,2024-10-15 04:00:00
942,2024-10-17 02:01:19.604,2024-10-17 02:01:29.342,2024-10-16 04:00:00
943,2024-10-17 02:03:08.819,2024-10-17 02:22:07.072,2024-10-16 04:00:00
950,2024-10-18 19:10:14.256,2024-10-18 19:10:14.257,2024-10-13 21:00:00
951,2024-10-19 04:03:59.753,2024-10-19 04:06:15.942,2024-10-19 04:00:00
954,2024-10-20 16:41:42.236,2024-10-20 16:41:42.237,2024-10-19 04:00:00
955,2024-10-20 19:42:29.85,2024-10-20 19:42:29.851,2024-10-19 22:00:00
956,2024-10-22 00:54:01.95,2024-10-22 02:31:04.249,2024-10-21 05:00:00
958,2024-10-22 21:11:00.799,2024-10-22 21:11:00.8,2024-10-21 22:00:00
959,2024-10-23 15:32:03.824,2024-10-23 15:32:03.825,2024-10-23 04:00:00
960,2024-10-25 02:08:28.493,2024-10-25 02:08:47.609,2024-10-24 04:00:00
961,2024-10-25 16:12:46.235,2024-10-25 16:12:46.236,2024-10-19 22:00:00
962,2024-10-25 21:06:10.858,2024-10-25 21:07:44.315,2024-10-24 04:00:00
963,2024-10-26 00:28:33.973,2024-10-26 00:28:33.991,2024-10-25 04:00:00
964,2024-10-26 01:51:57.928,2024-10-26 01:55:27.791,2024-10-25 04:00:00
965,2024-10-26 02:39:54.675,2025-01-11 03:25:48.255,2024-10-25 05:00:00
969,2024-10-28 00:33:00.952,2024-10-28 00:33:00.953,2024-10-27 05:00:00
970,2024-10-28 01:50:33.226,2024-10-28 01:50:33.227,2024-10-27 04:00:00
971,2024-10-29 00:23:36.05,2024-10-29 00:23:36.051,2024-10-28 04:00:00
972,2024-10-29 00:41:13.966,2024-10-29 02:20:12.55,2024-10-28 05:00:00
975,2024-10-30 00:24:26.942,2024-10-30 01:52:14.856,2024-10-29 05:00:00
976,2024-10-30 02:33:18.924,2024-10-30 02:33:18.925,2024-10-29 04:00:00
977,2024-10-30 02:36:01.486,2024-10-30 03:31:59.392,2024-10-29 04:00:00
980,2024-10-31 01:22:24.603,2024-10-31 02:10:25.522,2024-10-30 05:00:00
981,2024-10-31 02:03:04.902,2024-10-31 02:04:04.341,2024-10-30 04:00:00
982,2024-10-31 02:09:05.921,2025-01-11 03:25:37.879,2024-10-30 05:00:00
984,2024-11-02 02:00:53.727,2025-01-11 03:25:19.026,2024-11-01 05:00:00
985,2024-11-02 02:20:25.44,2024-11-02 02:39:45.259,2024-11-01 04:00:00
986,2024-11-05 03:03:04.338,2024-11-05 03:03:04.339,2024-11-04 05:00:00
988,2024-11-07 02:57:15.167,2024-11-07 03:00:12.016,2024-11-06 06:00:00
990,2024-11-07 03:03:20.558,2025-01-11 03:25:04.516,2024-11-06 06:00:00
991,2024-11-08 06:15:18.897,2024-11-08 06:15:18.912,2024-11-07 05:00:00
992,2024-11-09 03:01:34.348,2025-01-11 03:24:53.874,2024-11-08 06:00:00
996,2024-11-09 14:28:02.874,2024-11-09 14:28:02.875,2024-11-09 05:00:00
997,2024-11-09 15:59:35.511,2024-11-09 15:59:35.512,2024-11-09 05:00:00
998,2024-11-09 17:34:45.881,2024-11-09 17:34:45.895,2024-11-09 05:00:00
999,2024-11-11 00:46:38.653,2024-11-11 00:46:38.654,2024-11-08 05:00:00
1000,2024-11-12 01:22:26.726,2024-11-12 01:22:26.727,2024-11-11 06:00:00
1002,2024-11-12 01:55:56.812,2024-11-12 02:55:45.025,2024-11-11 06:00:00
1003,2024-11-13 01:25:42.443,2024-11-13 03:03:04.224,2024-11-12 06:00:00
1004,2024-11-13 02:55:52.759,2025-01-11 03:24:43.206,2024-11-12 06:00:00
1005,2024-11-13 22:41:21.203,2024-11-13 22:41:21.204,2024-11-13 05:00:00
1009,2024-11-14 01:23:57.339,2024-11-14 02:54:02.541,2024-11-13 06:00:00
1010,2024-11-16 02:58:27.076,2025-01-11 03:24:33.66,2024-11-15 06:00:00
1011,2024-11-16 08:09:36.821,2024-11-16 08:09:56.967,2024-11-15 05:00:00
1012,2024-11-16 08:11:12.236,2024-11-16 08:11:42.702,2024-11-15 05:00:00
1013,2024-11-18 02:46:38.112,2024-11-18 02:46:38.113,2024-11-17 05:00:00
1014,2024-11-18 22:55:25.227,2024-11-18 22:55:25.228,2024-11-16 05:00:00
1021,2024-11-19 00:53:31.627,2024-11-19 00:53:31.642,2024-11-16 05:00:00
1022,2024-11-19 03:03:07.82,2024-11-19 03:05:04.012,2024-11-18 05:00:00
1023,2024-11-21 00:52:29.025,2024-11-21 00:52:29.026,2024-11-19 06:00:00
1024,2024-11-21 01:53:03.962,2024-11-21 02:58:00.664,2024-11-20 06:00:00
1025,2024-11-21 02:49:58.858,2025-01-11 03:24:24.777,2024-11-20 06:00:00
1026,2024-11-22 03:04:44.101,2024-11-22 03:07:04.355,2024-11-21 05:00:00
1028,2024-11-23 02:54:17.308,2025-01-11 03:24:13.184,2024-11-22 06:00:00
1029,2024-11-24 02:57:07.973,2024-11-24 14:31:17.303,2024-11-23 05:00:00
1030,2024-11-26 03:07:54.647,2024-11-26 03:10:20.056,2024-11-25 06:00:00
1031,2024-11-27 03:10:54.283,2024-11-27 03:16:14.519,2024-11-26 06:00:00
1034,2024-12-01 20:39:47.395,2024-12-01 20:39:47.396,2024-12-01 05:00:00
1035,2024-12-01 21:05:43.838,2024-12-01 21:05:43.839,2024-12-01 05:00:00
1039,2024-12-01 21:18:17.082,2025-01-05 10:29:30.729,2024-11-30 23:00:00
1042,2024-12-02 02:48:39.811,2024-12-02 02:48:39.812,2024-12-01 05:00:00
1049,2024-12-03 03:05:08.21,2024-12-03 03:05:08.211,2024-12-02 05:00:00
1050,2024-12-04 02:45:11.038,2024-12-04 02:48:39.753,2024-12-03 06:00:00
1051,2024-12-04 02:58:10.448,2024-12-31 03:31:30.743,2024-12-03 05:00:00
1052,2024-12-05 03:01:39.125,2025-01-11 03:23:58.63,2024-12-04 06:00:00
1053,2024-12-06 02:22:29.415,2024-12-06 02:22:29.416,2024-12-05 05:00:00
1056,2024-12-07 02:58:23.587,2025-01-11 03:23:43.012,2024-12-06 06:00:00
1057,2024-12-10 02:06:28.266,2024-12-10 03:03:25.067,2024-12-09 06:00:00
1058,2024-12-11 02:56:59.136,2024-12-11 04:23:53.318,2024-12-10 06:00:00
1059,2024-12-12 02:55:03.069,2025-01-11 03:23:30.055,2024-12-11 06:00:00
1060,2024-12-13 18:30:35.798,2024-12-13 18:30:35.799,2024-12-09 05:00:00
1061,2024-12-13 22:36:49.127,2024-12-13 22:36:49.128,2024-12-07 05:00:00
1062,2024-12-14 03:18:17.941,2025-01-11 03:23:18.989,2024-12-13 06:00:00
1063,2024-12-17 03:07:20.27,2024-12-17 03:09:10.159,2024-12-16 06:00:00
1064,2024-12-17 03:07:26.909,2024-12-17 03:07:26.91,2024-12-16 06:00:00
1065,2024-12-18 02:42:31.522,2024-12-18 02:59:29.558,2024-12-17 06:00:00
1068,2024-12-20 02:50:42.415,2025-01-11 03:23:09.907,2024-12-19 06:00:00
1069,2024-12-20 11:55:13.886,2024-12-20 11:55:29.73,2024-12-20 05:00:00
1070,2024-12-21 12:22:27.597,2024-12-21 12:23:42.626,2024-12-21 05:00:00
1071,2024-12-24 03:07:08.063,2024-12-24 03:07:46.313,2024-12-23 05:00:00
1072,2024-12-24 12:45:22.565,2024-12-24 12:48:31.048,2024-12-24 05:00:00
1075,2024-12-30 15:36:10.749,2024-12-30 15:36:10.75,2024-12-30 05:00:00
1077,2024-12-31 01:20:22.066,2025-01-02 23:21:36.452,2024-12-30 05:00:00
1079,2024-12-31 02:45:53.065,2024-12-31 02:45:53.066,2024-12-30 05:00:00
1080,2024-12-31 02:55:17.198,2024-12-31 02:57:13.296,2024-12-30 06:00:00
1081,2024-12-31 04:50:28.105,2024-12-31 05:06:19.294,2024-12-30 06:00:00
1082,2024-12-31 04:50:43.342,2024-12-31 04:50:43.343,2024-12-30 05:00:00
1083,2024-12-31 05:20:11.701,2024-12-31 05:22:14.803,2024-12-30 05:00:00
1084,2025-01-01 03:09:33.32,2025-01-01 03:10:08.923,2024-12-31 06:00:00
1086,2025-01-02 03:04:52.17,2025-01-02 03:04:52.171,2025-01-01 05:00:00
1087,2025-01-03 03:06:29.581,2025-01-11 03:17:15.301,2025-01-02 06:00:00
1088,2025-01-04 01:39:27.903,2025-01-04 01:41:40.623,2025-01-03 06:00:00
1089,2025-01-04 02:49:24.511,2025-01-11 03:17:05.584,2025-01-03 06:00:00
1090,2025-01-04 20:04:34.962,2025-01-10 13:49:45.105,2025-01-03 23:00:00
1092,2025-01-05 02:59:14.191,2025-01-05 02:59:14.193,2025-01-04 05:00:00
1093,2025-01-06 02:02:45.056,2025-01-06 02:02:45.057,2025-01-05 06:00:00
1094,2025-01-06 02:49:36.251,2025-01-06 02:49:36.252,2025-01-05 05:00:00
1095,2025-01-06 07:09:52.941,2025-01-06 07:09:52.942,2025-01-03 05:00:00
1096,2025-01-07 01:25:52.833,2025-01-07 01:25:52.834,2025-01-06 06:00:00
1097,2025-01-07 03:03:38.218,2025-01-07 03:03:38.219,2025-01-06 05:00:00
1098,2025-01-07 21:29:22.279,2025-01-07 22:34:38.806,2025-01-06 23:00:00
1099,2025-01-08 01:02:03.531,2025-01-08 01:02:03.532,2025-01-07 06:00:00
1101,2025-01-08 03:00:52.709,2025-01-08 03:02:59.82,2025-01-07 05:00:00
1102,2025-01-08 03:02:30.69,2025-01-08 03:03:06.717,2025-01-07 06:00:00
1103,2025-01-09 02:30:19.602,2025-01-11 03:16:51.598,2025-01-08 06:00:00
1104,2025-01-09 11:06:58.715,2025-01-09 11:08:36.746,2025-01-08 06:00:00
1106,2025-01-10 21:20:01.841,2025-01-10 21:25:53.897,2025-01-09 23:00:00
1107,2025-01-10 23:53:05.713,2025-01-10 23:53:05.714,2025-01-10 22:00:00
1108,2025-01-11 02:23:59.596,2025-01-11 03:15:06.967,2025-01-10 06:00:00
1109,2025-01-11 11:24:36.974,2025-01-11 11:24:36.975,2025-01-10 22:00:00
1110,2025-01-11 21:01:42.919,2025-01-11 21:01:42.92,2025-01-10 06:00:00
1111,2025-01-11 21:24:18.387,2025-01-11 21:24:18.388,2025-01-11 06:00:00
1112,2025-01-11 21:25:36.823,2025-01-11 21:25:36.824,2025-01-09 06:00:00
1113,2025-01-12 21:40:52.526,2025-01-12 21:40:52.528,2025-01-12 06:00:00
1114,2025-01-13 03:56:55.73,2025-01-13 03:57:11.544,2025-01-12 05:00:00
1115,2025-01-14 02:49:51.933,2025-01-14 02:50:22.105,2025-01-13 06:00:00
1116,2025-01-14 04:22:34.364,2025-01-14 04:59:06.41,2025-01-13 05:00:00
1117,2025-01-14 23:41:52.278,2025-01-14 23:42:32.049,2025-01-14 05:00:00
1118,2025-01-14 23:55:15.845,2025-01-15 01:02:21.755,2025-01-14 06:00:00
1120,2025-01-15 03:09:11.57,2025-01-15 03:10:48.379,2025-01-13 05:00:00
1121,2025-01-15 21:08:00.284,2025-01-15 21:15:05.263,2025-01-14 23:00:00
1122,2025-01-16 01:14:03.531,2025-01-16 03:06:07.682,2025-01-14 06:00:00
1123,2025-01-16 02:57:04.122,2025-01-16 03:11:37.278,2025-01-15 06:00:00
1124,2025-01-16 03:13:52.991,2025-01-16 03:13:52.992,2025-01-15 06:00:00
1125,2025-01-16 04:04:00.67,2025-01-16 04:04:00.684,2025-01-15 06:00:00
1127,2025-01-16 20:39:14.646,2025-01-16 20:39:14.647,2025-01-16 06:00:00
1128,2025-01-17 01:13:53.097,2025-01-17 01:19:26.888,2025-01-16 06:00:00
1129,2025-01-17 03:11:55.787,2025-01-17 18:17:53.614,2025-01-16 06:00:00
1130,2025-01-17 17:44:47.104,2025-01-17 17:44:47.105,2025-01-16 06:00:00
1131,2025-01-18 00:58:29.13,2025-01-18 00:58:42.296,2025-01-17 06:00:00
1132,2025-01-18 02:08:43.588,2025-01-18 03:25:27.888,2025-01-17 06:00:00
1133,2025-01-18 04:57:24.323,2025-01-18 04:57:24.324,2025-01-16 06:00:00
1137,2025-01-18 04:58:35.61,2025-01-18 04:58:35.611,2025-01-17 06:00:00
1140,2025-01-20 00:13:54.388,2025-01-21 00:18:34.979,2025-01-18 23:00:00
1148,2025-01-21 02:59:45.795,2025-01-21 02:59:45.796,2025-01-20 05:00:00
1174,2025-01-22 00:54:48.977,2025-01-22 00:54:48.977,2025-01-21 05:00:00
1186,2025-01-23 00:50:35.084,2025-01-23 00:50:35.085,2025-01-22 05:00:00
1187,2025-01-23 00:59:18.568,2025-01-23 01:01:02.359,2025-01-18 06:00:00
1188,2025-01-23 01:03:15.434,2025-01-23 01:03:15.435,2025-01-21 06:00:00
1189,2025-01-23 01:03:48.226,2025-01-23 01:03:48.227,2025-01-21 06:00:00
1193,2025-01-23 02:32:00.004,2025-01-23 02:44:26.286,2025-01-22 06:00:00
1194,2025-01-23 07:50:08.162,2025-01-23 07:50:17.639,2025-01-22 06:00:00
1195,2025-01-23 15:54:29.064,2025-01-23 15:54:29.065,2025-01-21 06:00:00
1196,2025-01-23 19:40:25.685,2025-01-24 18:52:27.633,2025-01-21 23:00:00
1210,2025-01-24 03:49:25.9,2025-01-24 03:49:25.901,2025-01-23 06:00:00
1211,2025-01-24 10:14:08.755,2025-01-24 10:14:08.756,2025-01-01 06:00:00
1212,2025-01-24 16:10:11.49,2025-01-24 16:10:11.491,2025-01-24 06:00:00
1215,2025-01-24 23:44:48.936,2025-01-25 00:57:32.339,2025-01-24 06:00:00
1216,2025-01-25 01:35:09.835,2025-01-25 03:03:15.137,2025-01-24 06:00:00
1218,2025-01-26 19:51:00.835,2025-01-26 19:52:46.193,2025-01-24 05:00:00
1219,2025-01-28 01:27:56.538,2025-01-28 01:27:56.539,2025-01-27 05:00:00
1220,2025-01-28 02:45:44.997,2025-01-28 03:36:59.617,2025-01-27 05:00:00
1227,2025-01-28 05:14:28.792,2025-01-28 05:15:27.198,2025-01-27 06:00:00
1231,2025-01-29 00:22:12.497,2025-01-29 00:47:45.397,2025-01-28 06:00:00
1233,2025-01-29 03:04:52.74,2025-01-29 03:08:17.298,2025-01-28 06:00:00
1234,2025-01-29 03:16:51.598,2025-01-29 03:16:51.599,2025-01-28 06:00:00
1235,2025-01-29 03:18:15.782,2025-01-29 03:18:15.783,2025-01-23 06:00:00
1236,2025-01-29 05:19:54.823,2025-01-29 05:20:21.249,2025-01-28 06:00:00
1237,2025-01-30 01:33:57.039,2025-01-30 04:13:38.733,2025-01-29 06:00:00
1238,2025-01-30 02:44:01.678,2025-01-30 02:44:45.819,2025-01-29 06:00:00
1239,2025-01-30 02:56:11.349,2025-01-30 03:02:13.918,2025-01-29 06:00:00
1240,2025-01-31 04:50:55.456,2025-02-03 17:54:03.385,2025-01-30 06:00:00
1241,2025-02-02 00:32:00.026,2025-02-02 00:38:10.386,2025-01-31 23:00:00
1243,2025-02-03 22:34:27.002,2025-02-03 22:34:27.003,2025-01-25 05:00:00
1244,2025-02-03 23:02:26.72,2025-02-03 23:02:26.721,2025-02-01 05:00:00
1245,2025-02-03 23:30:43.41,2025-02-04 01:02:48.928,2025-02-03 06:00:00
1246,2025-02-04 01:35:21.122,2025-02-04 03:01:00.452,2025-02-03 06:00:00
1247,2025-02-04 02:53:33.108,2025-02-04 02:54:09.065,2025-02-03 06:00:00
1248,2025-02-04 05:04:14.516,2025-02-04 05:04:14.518,2025-02-03 06:00:00
1249,2025-02-04 21:56:00.516,2025-02-04 21:56:59.67,2025-02-02 23:00:00
1250,2025-02-05 02:55:48.781,2025-02-05 02:55:48.782,2025-02-04 06:00:00
1253,2025-02-05 20:54:05.808,2025-02-05 20:54:05.81,2025-02-04 23:00:00
1254,2025-02-05 23:27:43.281,2025-02-05 23:29:02.38,2025-02-05 06:00:00
1255,2025-02-06 01:41:32.904,2025-02-06 02:46:25.716,2025-02-05 06:00:00
1256,2025-02-06 02:36:11.245,2025-02-06 02:57:06.83,2025-02-05 06:00:00
1257,2025-02-06 04:49:40.035,2025-02-06 04:49:40.037,2025-02-05 05:00:00
1261,2025-02-07 02:03:40.777,2025-02-07 03:03:30.607,2025-02-06 05:00:00
1262,2025-02-07 03:16:48.719,2025-02-07 03:17:06.073,2025-02-06 06:00:00
1263,2025-02-08 01:31:53.318,2025-02-08 01:35:19.705,2025-02-07 06:00:00
1264,2025-02-08 11:45:44.555,2025-02-08 12:36:13.515,2025-02-04 23:00:00
1269,2025-02-09 04:09:26.074,2025-02-09 04:09:26.075,2025-02-07 15:00:00
1270,2025-02-09 22:47:48.242,2025-02-09 22:48:01.961,2025-02-07 23:00:00
1271,2025-02-09 23:00:46.666,2025-02-09 23:00:46.667,2025-02-08 23:00:00
1272,2025-02-13 02:17:43.948,2025-02-13 02:17:52.502,2025-02-12 06:00:00
1273,2025-02-13 04:55:37.212,2025-02-13 04:58:17.841,2025-02-12 05:00:00
1274,2025-02-13 20:36:39.314,2025-02-13 20:36:39.315,2025-02-13 06:00:00
1278,2025-02-14 02:27:21.776,2025-02-14 02:27:32.547,2025-02-13 06:00:00
1279,2025-02-14 03:18:05.421,2025-02-14 03:18:05.422,2025-02-13 05:00:00
1280,2025-02-15 00:44:59.603,2025-02-15 00:44:59.604,2025-02-11 05:00:00
1281,2025-02-15 00:51:22.789,2025-02-15 00:51:22.79,2025-02-12 05:00:00
1282,2025-02-16 19:30:12.227,2025-02-16 19:30:12.228,2025-01-28 08:00:00
1283,2025-02-18 03:08:09.434,2025-02-18 03:08:17.404,2025-02-17 06:00:00
1284,2025-02-18 23:39:10.835,2025-02-18 23:39:10.836,2025-02-14 06:00:00
1285,2025-02-18 23:41:03.229,2025-02-18 23:41:03.23,2025-02-18 06:00:00
1286,2025-02-20 14:44:56.269,2025-02-20 15:03:48.962,2025-02-19 06:00:00
1287,2025-02-20 18:22:09.916,2025-02-20 18:22:09.916,2025-02-18 06:00:00
1288,2025-02-20 20:11:01.311,2025-02-20 20:11:01.312,2025-02-18 06:00:00
1289,2025-02-21 03:14:06.161,2025-02-21 03:14:06.162,2025-02-20 05:00:00
1290,2025-02-22 08:08:58.22,2025-02-22 08:08:58.221,2025-02-21 05:00:00
1291,2025-02-22 17:50:31.743,2025-02-22 17:50:31.744,2025-02-08 05:00:00
1292,2025-02-22 17:51:28.28,2025-02-22 17:51:28.281,2025-02-15 05:00:00
1293,2025-02-22 18:00:33.024,2025-02-22 18:00:33.025,2025-02-22 05:00:00
1294,2025-02-22 23:31:07.087,2025-02-22 23:31:07.089,2025-01-23 06:00:00
1295,2025-02-22 23:34:11.216,2025-02-22 23:34:11.217,2025-01-24 06:00:00
1296,2025-02-22 23:36:41.381,2025-02-22 23:36:41.381,2025-01-26 06:00:00
1297,2025-02-22 23:37:41.392,2025-02-22 23:37:41.393,2025-01-29 06:00:00
1298,2025-02-22 23:41:05.768,2025-02-22 23:41:05.769,2025-01-31 06:00:00
1299,2025-02-22 23:43:13.618,2025-02-22 23:43:13.62,2025-01-30 06:00:00
1302,2025-02-22 23:44:02.168,2025-02-22 23:44:02.169,2025-02-12 06:00:00
1303,2025-02-27 02:12:48.658,2025-02-27 02:12:48.66,2025-02-26 05:00:00
1305,2025-03-01 02:52:23.342,2025-03-01 02:58:54.586,2025-02-28 05:00:00
1306,2025-03-03 01:19:26.779,2025-03-03 01:19:26.779,2025-01-26 23:00:00
1307,2025-03-03 01:24:10.552,2025-03-03 01:24:32.416,2025-01-26 23:00:00
1308,2025-03-03 01:30:24.654,2025-03-03 01:30:24.655,2025-02-01 23:00:00
1309,2025-03-03 01:31:23.029,2025-03-03 01:31:23.03,2025-02-05 23:00:00
1310,2025-03-03 01:31:55.93,2025-03-03 01:31:55.931,2025-02-05 23:00:00
1317,2025-03-05 23:27:25.995,2025-03-05 23:27:25.996,2025-03-05 05:00:00
1318,2025-03-06 02:52:01.317,2025-03-06 02:52:01.318,2025-03-05 06:00:00
1319,2025-03-09 01:34:53.943,2025-03-09 01:55:44.499,2025-03-07 23:00:00
1320,2025-03-10 00:53:33.982,2025-03-10 00:57:28.606,2025-03-09 06:00:00
1321,2025-03-11 02:34:08.269,2025-03-11 02:34:44.841,2025-03-10 05:00:00
1323,2025-03-13 02:00:35.691,2025-03-13 02:00:35.692,2025-03-12 04:00:00
1331,2025-03-13 12:51:13.96,2025-07-05 06:24:53.696,2025-03-12 16:00:00
1333,2025-03-15 04:00:28.942,2025-03-15 04:36:27.608,2025-03-14 04:00:00
1337,2025-03-19 02:12:09.455,2025-03-19 02:14:35.561,2025-03-18 05:00:00
1339,2025-03-20 01:52:19.472,2025-03-20 01:52:27.769,2025-03-19 05:00:00
1340,2025-03-23 03:24:54.192,2025-03-23 03:27:04.849,2025-03-22 05:00:00
1342,2025-03-25 01:50:53.521,2025-03-25 01:51:36.522,2025-03-24 05:00:00
1347,2025-03-28 02:12:04.995,2025-03-28 02:20:20.442,2025-03-27 05:00:00
1349,2025-04-01 14:14:05.416,2025-04-01 14:16:19.79,2025-03-31 05:00:00
1353,2025-04-03 01:40:25.771,2025-04-03 01:43:39.65,2025-04-02 05:00:00
1354,2025-04-03 21:00:15.731,2025-04-03 21:54:29.619,2025-04-02 22:00:00
1358,2025-04-04 20:00:27.33,2025-04-05 10:36:56.31,2025-04-03 22:00:00
1359,2025-04-04 20:01:11.001,2025-04-04 21:14:48.418,2025-04-03 22:00:00
1360,2025-04-05 02:07:59.921,2025-04-05 02:07:59.923,2025-04-04 05:00:00
1361,2025-04-07 03:40:43.697,2025-04-07 03:40:43.698,2025-04-06 07:00:00
1362,2025-04-09 21:48:45.273,2025-04-09 22:14:55.796,2025-04-08 22:00:00
1363,2025-04-09 21:49:58.873,2025-04-09 22:15:16.948,2025-04-08 22:00:00
1365,2025-04-11 00:01:51.349,2025-04-11 00:01:51.35,2025-04-09 05:00:00
1366,2025-04-11 01:59:20.074,2025-04-11 01:59:20.075,2025-04-10 05:00:00
1371,2025-04-11 07:51:57.579,2025-04-11 07:54:51.467,2025-04-09 22:00:00
1372,2025-04-11 07:55:21.812,2025-04-11 07:58:01.994,2025-04-09 22:00:00
1373,2025-04-11 20:13:33.171,2025-04-13 08:23:57.66,2025-04-10 22:00:00
1374,2025-04-17 02:12:21.7,2025-04-17 02:12:36.208,2025-04-16 05:00:00
1375,2025-04-20 00:24:54.073,2025-04-20 02:03:30.316,2025-04-19 05:00:00
1377,2025-04-20 03:50:34.504,2025-04-20 03:50:34.505,2025-04-19 05:00:00
1379,2025-04-26 02:02:14.235,2025-04-26 02:05:03.321,2025-04-25 05:00:00
1380,2025-04-27 00:44:59.377,2025-04-27 00:44:59.378,2025-04-24 05:00:00
1389,2025-05-08 01:54:15.003,2025-05-08 01:55:06.151,2025-05-07 05:00:00
1390,2025-05-09 11:07:13.512,2025-05-09 11:07:13.513,2025-05-07 06:00:00
1391,2025-05-11 22:41:05.291,2025-05-11 22:41:05.292,2025-05-11 22:00:00
1392,2025-05-14 23:57:40.525,2025-05-14 23:58:13.396,2025-05-13 05:00:00
1393,2025-05-17 02:22:07.617,2025-05-17 02:22:07.618,2025-05-16 05:00:00
1394,2025-05-23 02:13:11.772,2025-05-23 02:13:11.773,2025-05-20 06:00:00
1395,2025-05-25 01:18:19.426,2025-05-25 01:18:29.739,2025-05-24 07:00:00
1396,2025-05-29 01:56:31.588,2025-05-29 01:57:05.642,2025-05-28 05:00:00
1397,2025-05-30 14:33:33.843,2025-05-30 14:34:27.381,2025-05-29 16:00:00
1398,2025-06-02 13:02:56.891,2025-06-02 13:02:56.892,2025-06-01 16:00:00
1400,2025-06-02 19:39:40.789,2025-06-02 19:39:40.79,2025-06-01 04:00:00
1401,2025-06-03 00:51:32.943,2025-06-03 15:40:21.723,2025-06-01 16:00:00
1404,2025-06-04 02:04:08.647,2025-06-04 02:04:08.648,2025-06-03 04:00:00
1405,2025-06-04 02:05:18.57,2025-06-04 02:05:18.571,2025-06-03 04:00:00
1406,2025-06-04 02:06:12.423,2025-06-04 02:06:12.429,2025-06-03 04:00:00
1407,2025-06-05 01:29:19.388,2025-06-05 01:29:19.394,2025-06-04 04:00:00
1408,2025-06-05 12:58:18.192,2025-06-05 12:58:49.584,2025-06-05 07:00:00
1409,2025-06-06 02:48:28.252,2025-06-06 02:49:36.688,2025-06-05 07:00:00
1410,2025-06-07 02:03:45.162,2025-06-07 02:03:45.172,2025-06-06 04:00:00
1411,2025-06-07 18:55:24.006,2025-06-07 19:09:52.184,2025-06-05 23:00:00
1412,2025-06-08 01:57:11.468,2025-06-08 01:57:11.48,2025-06-07 04:00:00
1413,2025-06-08 01:57:48.745,2025-06-08 01:57:48.746,2025-06-07 04:00:00
1414,2025-06-09 00:00:04.149,2025-06-09 00:00:04.151,2025-06-08 04:00:00
1415,2025-06-09 01:01:35.925,2025-06-09 01:01:35.926,2025-06-08 04:00:00
1419,2025-06-14 01:53:01.486,2025-06-14 21:16:02.374,2025-06-13 05:00:00
1420,2025-06-14 12:40:04.494,2025-06-14 12:40:04.495,2025-06-13 16:00:00
1426,2025-06-17 00:23:06.611,2025-06-17 01:53:17.678,2025-06-15 16:00:00
1427,2025-06-17 12:54:46.17,2025-06-17 12:54:46.171,2025-06-16 16:00:00
1428,2025-06-19 00:35:15.871,2025-06-19 01:32:43.551,2025-06-17 16:00:00
1429,2025-06-19 13:00:23.688,2025-06-19 13:00:23.689,2025-06-18 16:00:00
1430,2025-06-24 01:44:55.006,2025-06-24 02:09:50.264,2025-06-22 16:00:00
1431,2025-06-24 12:53:32.703,2025-06-24 12:53:32.703,2025-06-23 16:00:00
1432,2025-06-25 13:03:32.93,2025-06-25 13:03:32.931,2025-06-24 16:00:00
1434,2025-06-26 00:35:13.918,2025-06-26 01:49:05.536,2025-06-24 16:00:00
1435,2025-06-27 19:27:29.254,2025-06-27 19:27:29.255,2025-06-23 04:00:00
1436,2025-06-28 13:14:14.126,2025-06-28 13:14:14.127,2025-06-27 16:00:00
1437,2025-07-01 02:45:07.252,2025-07-01 03:53:49.834,2025-06-29 16:00:00
1438,2025-07-01 12:48:51.489,2025-07-01 12:48:51.489,2025-06-30 16:00:00
1439,2025-07-02 00:50:21.817,2025-07-02 01:57:32.244,2025-06-30 16:00:00
1440,2025-07-02 02:00:42.945,2025-07-02 02:00:42.946,2025-07-01 04:00:00
1441,2025-07-02 12:16:44.02,2025-07-02 12:16:44.021,2025-07-01 16:00:00
1442,2025-07-03 00:25:56.789,2025-07-03 00:26:19.685,2025-07-02 05:00:00
1443,2025-07-04 00:20:43.861,2025-07-04 02:03:16.395,2025-07-02 16:00:00
1448,2025-07-06 23:25:43.364,2025-07-06 23:25:43.365,2025-07-05 05:00:00
1449,2025-07-08 02:05:20.778,2025-07-08 02:05:20.779,2025-07-07 04:00:00
1450,2025-07-08 02:05:54.366,2025-07-08 02:05:54.367,2025-07-07 04:00:00
1451,2025-07-09 01:54:02.007,2025-07-09 01:58:19.585,2025-07-08 05:00:00
1452,2025-07-09 02:07:42.95,2025-07-09 02:07:42.951,2025-07-08 04:00:00
1453,2025-07-10 01:56:30.751,2025-07-10 01:57:02.531,2025-07-09 05:00:00
1454,2025-07-10 22:37:18.675,2025-07-10 22:37:18.675,2025-07-10 07:00:00
1455,2025-07-16 00:33:20.97,2025-07-16 02:11:26.713,2025-07-15 05:00:00
1456,2025-07-16 01:44:21.887,2025-07-16 01:44:21.888,2025-07-15 07:00:00
1457,2025-07-16 01:49:50.648,2025-07-16 01:49:50.649,2025-07-15 07:00:00
1458,2025-07-16 04:02:42.479,2025-07-16 04:02:42.48,2025-07-15 07:00:00
1459,2025-07-17 01:22:14.213,2025-07-17 01:22:14.214,2025-07-16 04:00:00
1461,2025-07-17 01:44:23.984,2025-07-17 01:44:55.88,2025-07-16 04:00:00
1462,2025-07-19 00:31:28.493,2025-07-19 00:31:32.834,2025-07-18 04:00:00
1464,2025-07-19 03:22:29.068,2025-07-19 03:23:24.971,2025-07-18 05:00:00
1465,2025-07-20 00:39:05.254,2025-07-20 02:10:02.033,2025-07-19 04:00:00
1466,2025-07-20 00:59:56.899,2025-07-20 00:59:56.9,2025-07-19 04:00:00
1467,2025-07-21 00:58:38.873,2025-07-21 00:58:38.874,2025-07-20 04:00:00
1473,2025-07-22 00:33:55.51,2025-07-22 00:56:20.171,2025-07-20 16:00:00
1474,2025-07-23 00:38:43.892,2025-07-23 00:39:07.112,2025-07-21 16:00:00
1475,2025-07-23 02:06:41.639,2025-07-23 02:07:16.303,2025-07-22 05:00:00
1476,2025-07-24 00:27:11.472,2025-07-24 01:57:28.663,2025-07-23 16:00:00
1479,2025-07-24 01:23:32.329,2025-07-24 01:36:14.817,2025-07-23 05:00:00
1481,2025-07-24 02:07:52.305,2025-07-24 02:07:52.306,2025-07-23 04:00:00
1485,2025-07-24 19:51:08.89,2025-07-24 19:54:02.63,2025-07-23 22:00:00
1486,2025-07-26 01:59:48.918,2025-07-26 01:59:48.919,2025-07-25 04:00:00
1487,2025-07-26 19:59:08.606,2025-07-26 19:59:08.607,2025-07-25 22:00:00
1488,2025-07-27 00:28:11.428,2025-07-27 00:28:11.429,2025-07-26 04:00:00
1490,2025-07-27 19:49:50.14,2025-07-27 19:49:50.141,2025-07-26 22:00:00
1492,2025-07-29 00:36:25.269,2025-07-29 01:48:11.394,2025-07-27 16:00:00
1493,2025-07-30 01:43:11.407,2025-07-30 01:45:02.867,2025-07-29 05:00:00
1496,2025-07-30 19:53:51.039,2025-07-30 19:53:51.04,2025-07-29 22:00:00
1498,2025-07-31 00:49:12.998,2025-07-31 02:05:49.418,2025-07-29 16:00:00
1499,2025-07-31 02:08:51.554,2025-07-31 02:09:29.325,2025-07-30 05:00:00
1500,2025-07-31 18:06:53.033,2025-07-31 18:06:53.034,2025-07-28 22:00:00
1501,2025-07-31 23:41:03.496,2025-08-05 00:07:35.15,2025-07-30 22:00:00
1502,2025-08-01 01:52:04.27,2025-08-01 01:53:35.204,2025-07-31 05:00:00
1503,2025-08-03 05:55:33.617,2025-08-03 05:55:33.618,2025-08-01 05:00:00
1504,2025-08-04 09:58:33.71,2025-08-04 15:02:23.683,2025-08-02 22:00:00
1506,2025-08-05 01:31:15.953,2025-08-05 02:05:25.835,2025-08-03 16:00:00
1507,2025-08-06 02:00:17.179,2025-08-06 02:03:23.321,2025-08-04 16:00:00
1508,2025-08-06 02:15:47.534,2025-08-06 02:15:47.535,2025-08-05 05:00:00
1509,2025-08-06 20:18:35.037,2025-08-06 20:18:35.038,2025-08-05 22:00:00
1510,2025-08-06 20:21:22.07,2025-08-06 20:21:22.071,2025-08-04 22:00:00
1511,2025-08-07 02:00:20.72,2025-08-07 02:00:48.655,2025-08-06 05:00:00
1512,2025-08-08 02:02:21.969,2025-08-08 06:23:53.4,2025-08-07 04:00:00
1514,2025-08-08 04:09:13.193,2025-08-08 06:33:52.094,2025-08-07 04:00:00
1520,2025-08-11 03:06:35.259,2025-08-11 04:03:04.916,2025-08-10 04:00:00
1521,2025-08-11 03:26:24.23,2025-08-11 03:26:24.231,2025-08-10 07:00:00
1522,2025-08-11 04:41:10.591,2025-08-11 05:00:58.572,2025-08-10 05:00:00
1523,2025-08-12 00:31:58.96,2025-08-12 00:31:58.961,2025-08-11 04:00:00
1525,2025-08-12 02:42:07.01,2025-08-12 02:46:11.069,2025-08-11 05:00:00
1526,2025-08-13 02:03:31.54,2025-08-13 02:03:31.541,2025-08-12 07:00:00
1527,2025-08-13 23:19:25.833,2025-08-13 23:19:25.834,2025-08-13 05:00:00
1529,2025-08-15 01:34:09.01,2025-08-15 02:16:19.89,2025-08-13 16:00:00
1530,2025-08-15 19:16:16.716,2025-08-15 19:16:16.717,2025-08-15 07:00:00
1534,2025-08-17 02:18:00.019,2025-08-17 22:06:22.937,2025-08-16 07:00:00
1535,2025-08-17 20:10:07.496,2025-08-17 20:10:07.497,2025-08-16 22:00:00
1537,2025-08-18 12:58:35.853,2025-08-18 12:58:51.994,2025-08-16 22:00:00
1540,2025-08-19 02:14:47.356,2025-08-19 02:14:47.357,2025-08-18 05:00:00
1548,2025-08-19 23:59:54.988,2025-08-19 23:59:54.989,2025-08-19 05:00:00
1549,2025-08-20 20:08:25.358,2025-08-20 20:08:25.359,2025-08-19 22:00:00
1550,2025-08-21 00:01:12.849,2025-08-21 00:01:12.851,2025-08-20 05:00:00
1552,2025-08-21 00:52:05.601,2025-08-21 01:59:29.374,2025-08-20 05:00:00
1553,2025-08-21 01:44:22.099,2025-08-21 01:45:00.259,2025-08-20 07:00:00
1554,2025-08-22 02:14:37.459,2025-08-22 02:15:32.908,2025-08-21 05:00:00
1555,2025-08-22 23:52:04.208,2025-08-22 23:52:04.209,2025-08-22 04:00:00
1557,2025-09-03 01:42:00.123,2025-09-03 01:42:00.124,2025-09-02 05:00:00
1558,2025-09-03 19:53:36.514,2025-09-03 19:53:36.515,2025-09-02 22:00:00
1561,2025-09-04 00:03:37.11,2025-09-04 00:03:37.111,2025-09-03 04:00:00
1562,2025-09-04 02:03:20.202,2025-09-04 02:03:20.203,2025-09-03 04:00:00
1563,2025-09-04 23:56:16.523,2025-09-04 23:56:16.524,2025-09-04 04:00:00
1564,2025-09-05 00:28:16.264,2025-09-05 00:47:09.057,2025-09-04 04:00:00
1565,2025-09-05 19:54:20.674,2025-09-05 19:54:20.676,2025-09-04 22:00:00
1566,2025-09-05 22:30:30.657,2025-09-05 22:31:02.636,2025-09-05 04:00:00
1567,2025-09-06 00:52:43.157,2025-09-06 00:52:43.158,2025-09-05 04:00:00
1568,2025-09-06 04:32:30.667,2025-09-06 04:45:06.604,2025-09-05 05:00:00
1570,2025-09-08 16:08:12.037,2025-09-08 16:08:12.038,2025-09-06 22:00:00
1571,2025-09-10 00:02:16.166,2025-09-10 00:02:16.167,2025-09-09 04:00:00
1576,2025-09-10 00:57:58.471,2025-09-10 01:00:38.961,2025-09-08 22:00:00
1577,2025-09-10 02:07:49.103,2025-09-10 02:17:57.731,2025-09-09 04:00:00
1578,2025-09-10 19:58:24.548,2025-09-10 19:58:24.549,2025-09-09 22:00:00
1579,2025-09-10 23:56:32.693,2025-09-10 23:56:32.694,2025-09-10 04:00:00
1580,2025-09-11 00:00:27.508,2025-09-11 00:00:40.69,2025-09-09 22:00:00
1581,2025-09-11 02:00:31.792,2025-09-11 02:00:31.793,2025-09-10 05:00:00
1582,2025-09-11 02:28:28.641,2025-09-11 02:28:28.641,2025-09-10 04:00:00
1584,2025-09-12 01:42:37.501,2025-09-12 04:00:42.03,2025-09-10 22:00:00
1585,2025-09-12 02:15:19.608,2025-09-12 02:16:58.144,2025-09-11 04:00:00
1586,2025-09-12 03:56:01.078,2025-09-12 04:00:27.706,2025-09-10 22:00:00
1588,2025-09-13 01:01:00.148,2025-09-22 20:32:55.343,2025-09-11 22:00:00
1590,2025-09-14 23:56:36.248,2025-09-14 23:56:36.248,2025-09-14 04:00:00
1591,2025-09-15 01:08:14.32,2025-09-15 02:33:54.004,2025-09-14 04:00:00
1592,2025-09-17 01:56:06.671,2025-09-17 01:56:13.425,2025-09-15 22:00:00
1594,2025-09-17 01:59:25.597,2025-09-17 01:59:25.598,2025-09-16 04:00:00
1600,2025-09-19 02:46:10.178,2025-09-25 19:07:12.635,2025-09-18 04:00:00
1601,2025-09-19 04:23:28.102,2025-09-19 04:37:09.264,2025-09-18 04:00:00
1602,2025-09-20 04:05:17.949,2025-09-20 04:08:35.991,2025-09-19 05:00:00
1603,2025-09-20 14:42:43.609,2025-09-20 14:42:50.252,2025-09-18 22:00:00
1604,2025-09-21 03:30:54.857,2025-09-21 03:31:23.287,2025-09-19 22:00:00
1605,2025-09-22 00:24:30.703,2025-09-22 05:16:40.12,2025-09-21 04:00:00
1606,2025-09-23 03:01:42.892,2025-09-23 04:16:15.245,2025-09-22 05:00:00
1609,2025-09-23 21:33:57.515,2025-09-23 21:33:57.516,2025-08-23 04:00:00
1610,2025-09-23 21:35:07.302,2025-09-23 21:35:07.303,2025-08-24 04:00:00
1623,2025-09-25 19:44:28.49,2025-09-25 21:32:03.526,2025-09-24 04:00:00
1624,2025-09-25 19:50:13.452,2025-09-25 19:50:13.453,2025-09-24 22:00:00
1625,2025-09-26 10:49:53.554,2025-09-26 10:50:00.25,2025-09-24 22:00:00
1626,2025-09-27 02:09:02.528,2025-09-27 02:09:02.529,2025-09-26 05:00:00
1628,2025-09-27 03:08:23.792,2025-09-27 03:08:23.793,2025-09-26 04:00:00
1632,2025-09-27 21:35:46.204,2025-09-27 21:39:22.24,2025-09-25 22:00:00
1633,2025-09-28 00:59:58.756,2025-09-28 01:00:06.618,2025-09-26 22:00:00
1635,2025-09-29 00:49:19.123,2025-09-29 02:27:44.129,2025-09-28 04:00:00
1636,2025-09-29 01:05:32.42,2025-09-29 01:05:32.421,2025-09-28 04:00:00
1637,2025-09-29 02:23:09.215,2025-09-29 02:23:09.216,2025-09-28 04:00:00
1640,2025-09-29 23:29:42.519,2025-09-29 23:29:42.519,2025-09-03 04:00:00
1641,2025-09-30 01:54:43.799,2025-09-30 01:54:43.8,2025-09-29 04:00:00
1643,2025-09-30 23:55:59.751,2025-09-30 23:55:59.751,2025-09-30 04:00:00
1644,2025-10-02 01:55:48.333,2025-10-02 01:57:05.349,2025-10-01 04:00:00
1645,2025-10-02 02:12:02.376,2025-10-02 02:12:02.376,2025-10-01 04:00:00
1646,2025-10-02 03:00:45.195,2025-10-02 03:00:45.196,2025-09-30 04:00:00
1647,2025-10-02 03:56:00.469,2025-10-02 03:58:57.144,2025-10-01 04:00:00
1650,2025-10-02 03:56:51.774,2025-10-02 03:56:51.774,2025-10-01 04:00:00
1651,2025-10-02 03:57:19.618,2025-10-02 03:57:19.619,2025-10-01 04:00:00
1652,2025-10-02 03:57:35.577,2025-10-02 03:57:35.578,2025-10-01 04:00:00
1653,2025-10-02 19:52:37.1,2025-10-02 19:52:37.101,2025-10-01 22:00:00
1654,2025-10-02 20:15:00.512,2025-10-02 20:15:00.512,2025-10-01 23:00:00
1656,2025-10-02 20:32:39.025,2025-10-02 20:38:35.563,2025-10-01 22:00:00
1663,2025-10-03 02:20:52.581,2025-10-03 02:35:56.941,2025-10-02 04:00:00
1664,2025-10-05 02:04:22.865,2025-10-05 02:06:39.822,2025-10-04 05:00:00
1665,2025-10-05 02:21:11.96,2025-10-05 02:21:11.961,2025-10-04 04:00:00
1666,2025-10-06 00:57:23.277,2025-10-08 18:09:32.85,2025-10-05 04:00:00
1667,2025-10-07 00:01:32.55,2025-10-07 00:01:32.551,2025-10-06 04:00:00
1668,2025-10-07 23:58:20.601,2025-10-07 23:58:20.602,2025-10-07 04:00:00
1669,2025-10-08 02:02:58.952,2025-10-08 02:02:58.954,2025-10-07 04:00:00
1670,2025-10-08 20:10:34.65,2025-10-08 20:17:47.626,2025-10-07 22:00:00
1671,2025-10-09 01:57:41.826,2025-10-09 01:58:42.276,2025-10-08 04:00:00
1672,2025-10-09 02:01:34.37,2025-10-09 02:01:34.372,2025-10-08 04:00:00
1673,2025-10-09 03:19:53.8,2025-10-09 04:09:57.877,2025-10-08 05:00:00
1676,2025-10-09 17:13:55.624,2025-10-09 17:13:55.625,2025-10-08 22:00:00
1677,2025-10-09 18:33:59.342,2025-10-09 20:18:39.689,2025-10-08 22:00:00
1683,2025-10-11 01:59:44.346,2025-10-11 01:59:44.347,2025-10-10 04:00:00
1684,2025-10-11 02:00:00.287,2025-10-11 02:00:00.288,2025-10-10 04:00:00
1685,2025-10-15 01:51:33.646,2025-10-15 01:51:33.647,2025-10-14 04:00:00
1687,2025-10-16 00:35:30.746,2025-10-16 00:35:30.747,2025-10-16 00:34:03.346
1688,2025-10-16 01:51:38.719,2025-10-16 01:51:38.72,2025-10-16 01:51:08.235
1689,2025-10-16 01:57:32.971,2025-10-16 01:57:32.972,2025-10-15 04:00:00
1690,2025-10-17 01:59:41.013,2025-10-17 01:59:41.014,2025-10-17 01:58:39.388
1691,2025-10-21 01:41:46.718,2025-10-21 01:41:46.718,2025-10-20 04:00:00
1692,2025-10-21 21:56:22.475,2025-10-21 21:56:22.477,2025-10-20 04:00:00
1693,2025-10-22 01:44:46.49,2025-10-22 01:44:46.491,2025-10-22 01:44:27.361
1694,2025-10-22 02:10:18.406,2025-10-22 02:10:18.407,2025-10-16 04:00:00
1695,2025-10-22 02:15:32.064,2025-10-22 02:15:32.065,2025-10-22 02:11:51.417
1696,2025-10-24 02:12:30.435,2025-10-24 02:12:30.436,2025-10-23 04:00:00
1697,2025-10-24 02:20:19.633,2025-10-24 02:20:19.634,2025-10-24 02:19:12.496
1698,2025-10-27 00:36:05.596,2025-10-27 00:36:05.597,2025-10-27 00:33:00.54
1701,2025-10-28 17:39:35.324,2025-10-28 17:39:35.325,2025-10-24 05:00:00
1702,2025-10-28 20:10:13.84,2025-10-28 21:15:15.18,2025-10-28 00:00:00
1704,2025-10-29 00:02:18.085,2025-10-29 03:13:11.524,2025-10-28 05:00:00
1705,2025-10-29 02:03:42.364,2025-10-29 02:03:42.365,2025-10-28 04:00:00
1706,2025-10-29 02:07:31.831,2025-10-29 02:07:31.832,2025-10-29 02:07:08.928
1707,2025-10-29 18:55:57.928,2025-10-29 18:57:45.717,2025-10-28 23:00:00
1708,2025-10-30 02:56:07.694,2025-10-30 04:11:19.351,2025-10-29 05:00:00
1709,2025-10-30 05:22:11.739,2025-10-30 05:28:18.889,2025-10-29 05:00:00
1720,2025-11-01 22:01:11.895,2025-11-01 22:01:11.896,2025-10-31 23:00:00
1723,2025-11-02 02:00:10.386,2025-11-02 02:02:01.027,2025-11-01 05:00:00
1724,2025-11-03 02:28:21.209,2025-11-03 02:28:21.21,2025-11-02 04:00:00
1726,2025-11-04 02:05:09.386,2025-11-04 02:05:09.386,2025-11-04 02:04:56.911
1727,2025-11-04 03:28:46.751,2025-11-04 03:28:46.753,2025-11-03 06:00:00
1728,2025-11-04 03:44:47.612,2025-11-04 03:44:47.613,2025-11-03 05:00:00
1729,2025-11-04 21:44:09.772,2025-11-04 22:57:18.057,2025-11-04 00:00:00
1730,2025-11-05 10:01:16.039,2025-11-05 10:02:08.589,2025-11-04 06:00:00
1731,2025-11-06 03:06:34.547,2025-11-06 03:06:34.548,2025-11-06 03:06:11.314
1732,2025-11-06 04:16:05.125,2025-11-06 04:16:05.126,2025-11-05 06:00:00
1733,2025-11-07 03:37:00.769,2025-11-07 04:43:00.556,2025-11-07 03:35:51.334
1736,2025-11-08 22:22:28.366,2025-11-08 22:22:28.367,2025-11-05 23:00:00
1737,2025-11-08 22:27:46.863,2025-11-08 22:27:46.864,2025-11-03 23:00:00
1738,2025-11-09 21:02:23.784,2025-11-09 21:25:39.565,2025-11-09 20:58:56.857
1739,2025-11-09 21:05:04.695,2025-11-09 21:05:04.696,2025-11-08 23:00:00
1741,2025-11-10 00:00:39.785,2025-11-12 20:25:53.133,2025-11-09 06:00:00
1744,2025-11-11 02:58:49.378,2025-11-11 02:58:49.378,2025-11-11 02:58:36.014
1746,2025-11-11 16:51:35.985,2025-11-11 16:51:35.986,2025-11-09 23:00:00
1747,2025-11-11 16:53:28.176,2025-11-11 16:53:28.177,2025-11-09 23:00:00
1749,2025-11-11 22:02:31.506,2025-11-11 22:02:31.507,2025-11-11 22:02:14.979
1750,2025-11-12 01:07:51.791,2025-11-12 20:25:39.27,2025-11-11 06:00:00
1751,2025-11-12 03:12:43.01,2025-11-12 03:12:43.011,2025-11-12 03:11:11.514
1752,2025-11-12 21:32:46.402,2025-11-12 21:32:46.403,2025-11-11 23:00:00
1755,2025-11-13 03:59:58.286,2025-11-13 05:03:36.787,2025-11-13 03:59:41.518
1756,2025-11-13 18:57:31.306,2025-11-13 18:57:31.307,2025-11-12 23:00:00
1757,2025-11-13 21:49:04.084,2025-11-13 21:49:04.085,2025-11-13 21:48:48.846
1758,2025-11-13 21:56:30.251,2025-11-13 21:56:30.251,2025-11-12 23:00:00
1759,2025-11-14 02:43:34.21,2025-11-14 02:44:04.016,2025-11-14 02:42:57.849
1760,2025-11-14 21:01:10.734,2025-11-14 21:01:10.735,2025-11-13 23:00:00
1761,2025-11-15 03:43:09.083,2025-11-15 05:08:45.61,2025-11-15 03:42:10.86
1762,2025-11-16 21:08:25.718,2025-11-16 21:08:25.719,2025-11-15 23:00:00
1763,2025-11-16 21:08:53.21,2025-11-16 21:08:53.211,2025-11-16 21:08:35.62
1764,2025-11-17 02:01:01.041,2025-11-17 02:01:01.042,2025-11-17 01:59:52.543
1765,2025-11-17 19:02:40.33,2025-11-17 19:02:40.331,2025-11-16 23:00:00
1766,2025-11-17 22:12:59.795,2025-11-17 22:12:59.8,2025-11-17 22:12:43.352
1767,2025-11-18 03:11:55.126,2025-11-18 03:20:55.552,2025-11-18 03:11:27.838
1833,2025-11-19 01:43:06.963,2025-11-19 01:43:26.376,2025-11-19 01:40:29.2
1866,2025-11-20 03:00:43.296,2025-11-20 03:00:43.296,2025-11-20 03:00:25.715
1899,2025-11-20 21:44:47.904,2025-11-20 21:44:47.905,2025-11-18 23:00:00
1903,2025-11-21 03:01:21.474,2025-11-21 03:01:21.475,2025-11-21 03:01:06.31